effort_list,attention_check_list,attention_check_2_list,state_0,state_1,state_2,state_3,state_4,action_type_index_list,rand_id
8|4|4|2,4|4|4|4|4,0|0|0|0|0,2|3|3|3|2|1|3|4|1|0,4|4|4|2|4|4|4|4|4|0,4|2|2|1|3|3|3|3|2|0,3|3|4|3|3|3|3|4|2|0,3|4|3|1|2|1|0|4|2|0,4|3|0|0|0,47N85P38471FD
3|1|0|0,4|4|4|4|4,0|0|0|0|0,3|4|3|2|3|3|3|3|0|1,2|3|3|0|3|3|3|3|0|1,3|4|3|1|3|3|4|4|0|1,3|4|3|0|3|3|3|4|0|1,3|3|3|0|2|2|2|2|0|1,2|3|1|0|1,25B86K37242FN
8|7|7|7,4|4|4|4|4,0|0|0|0|0,3|2|3|3|3|2|3|3|2|0,3|1|3|2|2|3|3|2|2|0,3|2|2|2|3|2|3|2|3|0,3|2|3|2|2|3|3|2|2|0,3|3|3|2|3|3|2|3|2|0,4|3|1|1|1,65U85W93039GI
6|5|7,4|4|4|4,0|0|0|0,3|3|2|3|3|3|4|3|2|0,3|2|3|3|3|3|2|2|2|0,3|2|3|2|3|3|4|3|2|0,4|3|2|2|3|3|3|3|2|0,,2|3|3|3,92A91Q77058NY
6|7|6|6,4|4|4|4|4,0|0|0|0|0,3|4|2|1|3|3|4|4|2|1,3|3|4|2|3|3|4|4|2|1,3|3|2|1|2|3|3|3|2|1,3|4|2|1|3|3|4|3|3|1,3|4|3|1|3|3|3|4|2|1,3|4|3|3|3,12D25K46543FF
3|6|3|3,4|4|4|4|4,0|0|0|0|0,3|4|2|1|3|3|3|3|2|1,3|2|1|3|3|3|4|3|1|1,3|3|3|2|3|3|3|3|2|1,3|3|2|3|2|3|3|2|2|1,3|2|3|3|3|2|3|3|2|1,2|4|0|0|0,89G55F99311RQ
4|8|5|6,4|4|4|4|4,0|0|0|0|0,1|2|3|0|1|3|2|2|3|1,3|2|3|0|3|4|4|4|3|1,3|3|3|1|3|3|3|3|1|1,4|4|3|1|3|3|4|4|1|1,2|3|3|1|3|3|3|3|1|1,0|4|0|0|0,92S68K63634TN
,4,0,4|3|1|3|4|4|4|3|3|0,,,,,0,16F44M25808VS
5|9|9|9,4|4|4|4|4,0|0|0|0|0,3|2|3|2|3|3|3|3|3|1,3|3|3|2|4|3|3|3|3|1,3|3|3|2|3|3|3|3|3|1,3|3|3|2|3|3|3|3|3|1,3|3|3|2|3|3|3|3|3|1,4|0|1|1|1,67M97P87092EG
7|6|6|6,4|4|4|4|4,0|0|0|0|1,4|3|3|2|3|3|4|4|4|4,3|4|3|1|3|3|4|3|4|4,3|3|4|2|3|3|4|3|4|4,3|2|3|2|3|2|4|3|4|4,3|3|3|3|3|2|3|3|4|4,3|0|2|2|1,62T94J71286VT
5|2|3|3,0|0|4|4|4,0|0|0|0|0,3|3|1|1|2|3|4|3|2|1,3|4|2|3|2|3|4|4|2|1,4|4|3|4|3|4|3|4|2|1,4|1|1|3|3|3|4|3|3|3,3|3|1|3|3|3|3|4|3|1,0|3|4|0|0,78X44Q16288CL
1|6|0|0,4|4|4|4|4,0|4|0|0|0,3|3|3|2|3|3|4|3|1|0,3|3|0|1|1|3|3|3|1|0,3|3|3|2|3|3|3|3|1|0,4|2|2|0|3|4|3|4|2|0,4|2|1|0|2|2|4|4|2|0,4|0|0|4|0,85L28F10345FU
4|3|2|5,3|4|4|4|4,0|0|0|0|0,2|4|3|2|3|3|3|4|3|1,3|3|3|2|3|2|3|4|3|1,3|3|2|2|3|3|3|3|3|1,2|3|2|2|2|2|3|3|3|1,3|3|3|2|3|3|3|3|3|1,3|4|1|1|1,61K90D26281MC
5|8|6|6,4|4|4|4|4,0|0|0|0|0,3|4|3|3|4|3|4|4|2|0,3|3|1|2|3|4|4|4|3|1,4|4|3|1|3|3|3|4|2|0,3|4|3|2|3|3|4|4|3|1,3|4|3|2|3|3|3|4|2|1,1|3|3|3|3,39W28Z31355SJ
4|6|6|4,4|4|4|4|3,0|0|0|0|0,4|4|3|2|3|1|4|3|1|1,3|4|3|1|3|4|3|3|2|1,3|4|3|3|3|3|4|4|3|1,3|3|3|3|3|3|4|3|3|1,3|1|3|2|4|4|4|3|3|1,3|4|0|0|0,70T62D59729LV
9|8|10|10,4|4|4|4|4,0|0|0|0|0,4|4|4|3|3|3|4|3|3|0,4|4|3|4|3|4|4|3|3|1,4|4|3|4|4|4|4|4|4|1,4|4|4|4|4|4|4|4|4|2,4|4|4|4|4|4|4|4|4|3,0|0|0|0|0,34Z52M43872FO
8|7,4|4|4,0|0|0,3|4|4|2|3|3|3|4|3|1,3|4|3|2|3|3|4|4|2|1,3|3|4|2|3|3|4|4|3|1,,,3|4|0,63Q58J33379NP
2|0|0|0,4|4|4|4|4,0|0|0|0|0,3|3|1|0|0|0|2|3|2|0,1|4|3|0|0|0|2|3|3|0,3|3|3|0|0|0|2|2|3|0,3|3|3|0|0|0|1|3|3|0,1|3|3|0|0|0|2|3|3|0,3|0|3|3|3,92K59T26372QQ
1|1|0|0,4|4|4|4|4,0|0|0|0|0,3|4|3|3|2|4|3|3|3|1,3|3|1|1|3|3|3|2|0|0,3|3|1|0|1|3|2|3|1|0,3|3|2|0|3|1|3|2|0|0,3|3|3|1|2|3|3|2|1|0,0|1|1|1|1,22L78P11935NC
9|7|7|8,4|4|4|4|4,0|0|0|0|0,3|4|2|3|3|3|4|4|2|1,2|3|3|1|2|2|1|4|2|1,3|2|3|2|3|3|3|3|3|1,3|3|2|2|3|3|3|4|3|1,3|3|3|2|3|3|3|3|3|1,0|4|0|0|0,55H69B35460QG
5|4|6|4,4|4|4|4|4,0|0|0|0|0,4|3|2|2|3|3|3|3|3|1,3|2|1|2|3|3|3|3|3|1,4|4|2|2|3|3|3|4|3|1,3|3|3|2|3|3|4|4|3|1,3|3|2|2|3|3|3|4|4|1,0|2|3|3|3,65W78Q49722FB
7|7,4|3|4,0|0|0,4|2|3|1|3|3|3|2|3|0,4|2|2|0|3|3|3|2|3|0,3|2|2|1|3|4|4|3|3|0,,,4|4|0,16K71T92152VY
1|0|1|1,4|4|4|4|4,0|0|0|0|0,3|3|2|2|2|2|3|2|1|2,3|2|0|0|0|2|2|1|0|2,3|2|0|0|0|0|2|1|0|2,1|2|2|1|1|1|1|1|0|2,1|2|1|2|0|0|0|1|0|2,1|4|1|1|1,38K36D95713FD
4|7|3|8,4|4|4|4|4,0|0|0|0|0,4|4|3|1|2|1|4|4|0|1,4|4|2|1|1|1|2|3|1|1,4|4|2|3|4|3|4|4|2|1,3|3|2|0|1|1|2|3|3|1,4|4|3|3|3|3|4|4|2|1,4|1|0|3|4,21F55Z66983BW
9|9|8|9,4|4|4|4|4,0|0|0|0|0,3|4|3|4|4|4|3|4|4|0,4|4|4|3|4|3|4|4|3|1,3|4|4|3|4|4|4|4|4|1,4|4|4|4|4|4|4|4|3|4,4|4|4|4|4|4|4|4|4|1,3|0|0|0|0,92V39A12902EY
7|9|7|7,4|4|4|4|4,0|0|0|0|0,4|3|2|3|3|4|4|3|3|1,3|3|3|4|4|4|2|3|3|1,3|4|4|3|4|4|3|4|4|1,4|2|3|4|4|4|4|4|4|1,4|3|4|4|4|3|3|4|4|1,1|4|0|0|4,25O20W49373VW
2|1|2|2,4|4|4|4|4,0|0|0|0|0,3|3|2|3|3|3|3|3|3|0,3|1|2|2|3|2|4|3|3|1,3|1|1|1|3|2|3|2|3|1,3|3|2|1|3|2|3|3|4|1,3|2|1|2|3|3|3|3|4|1,4|1|0|0|0,15I40F46153HB
3|6|7,4|4|4|4,0|0|0|0,4|4|4|3|3|3|4|3|2|0,3|2|4|1|3|3|3|4|2|0,3|4|4|1|3|3|3|3|2|1,4|3|3|2|3|3|4|4|1|1,,4|0|1|0,14U81D73473FE
9|6,4|4|2,0|0|2,2|4|3|0|4|4|3|4|3|1,3|4|2|3|3|2|3|3|4|1,4|2|3|2|2|3|2|2|3|1,,,3|2|3,37R30B70181KJ
6|4|2|1,4|4|3|4|4,0|0|0|0|0,3|3|3|3|3|3|3|3|2|0,3|3|3|4|3|3|3|3|2|1,3|3|3|3|3|3|3|2|2|1,3|3|3|3|2|2|4|3|2|1,3|2|3|3|2|3|3|2|2|0,0|3|1|1|1,62O48R29419SJ
6|6|3|4,4|4|4|4|4,0|0|0|0|0,3|3|3|3|3|4|4|4|3|1,3|3|3|2|2|2|3|3|3|1,3|3|3|2|2|3|3|3|3|1,4|3|3|2|3|3|3|3|2|1,3|3|3|2|3|3|3|3|2|1,1|4|3|3|3,50O33F84177NK
6|7|0|0,4|4|4|4|4,0|0|0|0|0,4|4|3|2|2|4|3|3|2|0,3|3|3|2|3|3|3|3|1|1,3|4|3|2|3|4|4|4|1|1,3|4|3|2|3|3|3|3|1|1,3|4|2|2|3|4|3|3|1|1,4|3|3|3|3,11B82Y86792KT
8|7|6|8,4|4|4|4|4,0|0|0|0|0,4|4|3|3|4|3|4|4|3|0,4|3|4|4|4|2|3|3|3|0,3|3|4|3|3|3|3|4|3|0,3|4|4|3|3|2|3|3|3|0,4|4|3|3|3|2|4|4|3|0,4|4|0|0|0,62V16M91792QH
5|0|0,4|4|4|4,0|0|0|0,3|3|1|3|3|3|4|3|3|0,3|1|1|3|1|3|4|3|3|0,3|3|1|1|1|3|3|3|3|0,4|3|0|1|1|3|4|3|3|0,,3|2|1|0,52H53N82301AN
0|6|4|0,4|4|4|4|4,0|0|0|0|0,3|4|2|2|2|1|3|3|2|0,3|3|3|2|3|2|3|4|3|1,3|3|2|2|3|1|3|3|2|0,3|3|3|2|3|1|3|3|2|1,4|4|4|3|3|2|3|4|2|1,2|4|1|1|4,51Z93A11335QN
6|5|7|6,4|4|4|4|4,0|0|0|0|0,3|3|3|3|3|3|3|4|2|0,3|4|2|3|3|3|3|3|2|0,3|3|3|3|3|3|3|4|3|1,3|3|3|3|3|3|3|3|3|1,3|2|2|3|3|3|3|4|3|2,4|1|0|1|0,56B47M93714JI
6|4|4|4,4|4|4|4|4,0|0|0|0|0,3|2|2|3|2|3|3|2|2|0,3|3|2|3|2|3|3|3|1|0,3|2|2|2|3|3|3|3|1|0,3|2|2|2|3|3|3|3|2|0,3|2|2|2|3|3|3|3|2|0,4|0|1|1|1,27M46B90665QF
3|2|0|0,4|4|4|3|3,0|0|0|1|0,2|3|3|1|1|1|2|3|1|0,3|3|2|1|2|2|1|3|1|0,0|2|2|1|0|0|1|2|0|0,1|3|2|1|1|0|0|3|1|0,1|3|2|1|0|1|1|2|1|0,3|3|0|0|0,52G29K74977TK
7|9|7|10,4|4|4|4|4,0|0|0|0|0,3|3|1|3|3|3|4|4|1|1,4|3|1|2|3|3|4|3|1|1,4|4|1|3|4|4|4|4|1|2,4|4|1|2|4|3|4|4|1|2,4|3|3|3|4|3|4|4|1|2,1|0|1|1|1,68T14J46648HM
6|6|8|10,4|4|4|4|4,0|0|0|0|0,4|3|3|2|4|4|4|4|4|1,4|3|3|3|4|4|4|4|4|1,4|3|3|3|3|4|4|4|3|1,4|3|3|4|4|4|4|4|3|1,4|3|3|3|4|4|4|4|4|1,4|1|0|0|0,72F41X53171SX
8|8|10|9,4|4|4|4|4,0|0|0|0|0,4|3|4|3|3|4|4|4|1|1,4|3|3|3|4|3|4|3|1|1,4|4|4|3|4|4|4|4|1|1,4|3|3|3|4|3|4|4|1|1,4|3|3|3|4|4|4|4|2|1,1|4|0|0|0,70L90Z50566XK
10|7|9|9,4|4|4|4|4,0|0|0|0|0,3|3|3|3|4|3|4|4|2|1,4|4|4|4|4|4|4|4|2|1,4|4|4|3|3|4|4|4|3|2,4|4|3|3|3|4|3|4|2|2,4|4|4|3|4|4|4|4|4|2,3|0|4|4|0,64B52W29843UU
7|7|8|8,4|4|4|4|4,0|0|0|0|0,4|3|3|3|4|4|4|3|3|1,4|3|3|4|3|4|3|3|3|1,3|3|3|3|3|3|4|3|3|1,3|3|3|3|3|3|3|3|3|1,4|4|3|3|4|4|4|3|3|1,0|4|1|1|4,13F15R40499LK
6|8|2|5,4|4|4|4|4,0|0|0|0|0,3|3|3|2|2|2|3|4|3|0,3|4|4|1|4|2|3|4|3|0,3|3|3|1|3|1|3|3|1|0,3|3|3|1|2|2|2|3|2|0,3|3|3|1|2|2|3|3|2|1,4|2|0|0|0,49M94K94717GV
3|7|5,3|4|4|4,0|0|0|0,3|3|2|1|2|3|3|3|1|1,3|3|2|2|3|3|3|3|2|1,3|3|1|2|3|3|3|3|1|1,3|2|2|2|3|3|3|3|2|1,,1|3|1|1,99R43Y23098OY
10|0|8|0,4|4|4|4|4,0|0|0|0|0,4|4|3|3|3|3|4|4|3|1,4|4|4|4|4|4|4|4|3|1,4|4|4|3|3|3|4|4|3|1,4|3|3|3|3|3|4|4|3|1,3|1|1|3|3|4|4|3|3|1,4|4|4|4|0,70J71S91698DI
,4,0,4|4|1|1|2|1|4|3|1|1,,,,,0,88V68T91558OY
5|5|7|7,4|4|4|4|4,0|0|0|0|0,4|4|3|1|3|4|4|4|1|1,4|4|4|1|3|4|4|3|1|1,3|3|3|1|3|2|3|3|1|4,3|3|3|0|2|3|4|3|1|4,3|3|3|1|3|2|4|3|2|3,1|0|0|0|0,70W45S20185IJ
7|3|4|4,4|4|4|4|4,0|0|0|0|0,4|3|3|2|3|3|3|4|3|0,4|2|3|1|3|3|3|3|2|0,4|1|3|0|3|3|4|3|2|0,4|2|3|1|3|3|3|3|2|0,3|1|3|1|3|2|3|3|2|0,3|0|3|3|3,41H20Z95892IS
8|8|10|9,3|4|4|4|4,0|0|0|0|0,3|2|3|1|3|3|3|3|2|2,4|4|4|3|3|3|3|3|3|2,4|3|4|2|4|4|4|4|3|2,4|4|4|4|4|4|4|4|4|2,4|3|3|4|4|4|4|4|4|2,2|1|4|0|0,12X65V32565AV
3|6|5|8,4|4|4|4|4,0|0|0|0|0,3|3|2|1|3|2|3|3|3|0,3|2|2|2|3|2|4|4|2|1,3|3|3|2|4|2|4|3|2|1,4|2|3|2|3|3|4|3|3|1,3|2|3|2|3|3|3|3|3|1,0|4|0|0|0,73D24S81591OY
7|5|8|8,4|4|4|4|4,0|0|0|0|0,4|4|4|3|4|4|4|4|3|1,4|3|3|2|3|4|4|2|3|1,4|3|4|2|4|4|4|3|3|1,4|4|4|3|4|4|4|3|4|2,4|3|3|2|4|4|4|3|4|2,1|0|1|4|1,72T48M91760KQ
4|6,4|4|4,0|0|0,4|3|4|3|3|4|4|4|3|0,3|1|3|1|3|4|3|3|1|0,3|3|2|1|3|3|3|3|1|0,,,3|0|0,65U19C88838WG
7|8|9|7,4|4|4|4|4,0|0|0|0|0,4|4|3|3|4|2|4|4|2|1,3|3|4|4|3|3|4|3|2|1,2|3|3|3|3|2|3|4|2|1,1|3|3|3|3|2|2|3|2|1,3|3|3|4|3|2|3|3|2|1,2|0|0|1|1,92O48C71167HR
,4,0,3|3|3|3|3|4|4|3|2|0,,,,,1,40L19A33787HL
10|10|10|7,4|4|4|4|4,0|1|0|0|0,4|4|3|4|4|4|4|3|3|1,4|3|2|2|4|3|4|3|3|1,3|4|2|3|4|3|3|4|2|1,3|4|3|3|4|3|3|4|3|1,4|4|3|3|4|3|4|4|3|1,0|2|0|0|0,30W43X52890WA
3|3|6|7,4|4|3|4|3,0|0|0|0|0,3|3|3|2|3|1|3|3|1|0,2|3|3|1|3|3|3|3|1|0,3|3|2|1|3|3|3|3|1|1,3|3|3|1|3|2|3|3|1|1,3|3|3|1|3|3|3|3|1|1,4|1|3|3|3,84C46E81240NB
8|2|2|0,4|4|4|4|4,0|0|0|0|0,3|3|2|2|3|3|3|3|2|0,3|3|2|1|3|4|4|3|1|0,4|2|1|1|3|3|4|2|1|0,4|4|2|1|4|4|4|4|2|0,4|4|0|0|3|4|4|4|1|0,3|4|3|4|3,65V99L34308BW
4|1|2|3,4|4|4|4|4,0|0|0|0|0,3|4|3|3|3|3|4|4|1|0,1|3|3|3|3|3|3|4|2|1,3|4|1|3|3|3|4|3|0|1,3|3|1|3|3|2|3|4|0|0,1|3|3|3|2|2|3|3|0|1,1|3|1|4|1,87B15R82310IJ
6|5|6|8,4|4|4|4|4,0|0|0|0|0,3|3|2|1|2|2|3|3|3|1,3|3|3|2|3|3|4|4|3|0,3|3|3|1|2|3|4|3|3|0,3|3|3|1|2|3|4|3|3|0,4|4|3|1|1|3|4|3|3|0,0|0|2|2|0,50J96T51163OJ
8|8|10|9,4|4|4|4|4,0|0|0|0|0,3|4|2|3|3|3|4|4|4|0,4|3|1|2|3|4|4|3|4|0,4|4|3|3|3|4|4|4|4|1,4|3|3|3|4|3|3|3|3|1,3|3|3|3|3|3|3|3|3|1,1|0|4|4|1,22Z41X81615CQ
0|4|8|5,4|4|4|4|4,0|0|0|0|0,2|4|4|2|2|1|2|2|0|0,3|4|4|2|3|3|3|3|1|0,4|4|4|2|2|2|3|2|0|0,3|4|4|2|2|2|4|2|1|0,3|4|4|2|2|2|4|2|0|0,4|2|3|3|3,15S48B11389XF
5|8|4|7,4|4|4|4|4,0|0|0|0|0,2|3|1|2|2|3|3|3|2|1,4|4|3|2|4|4|4|4|2|1,3|3|3|2|2|2|3|3|3|2,3|3|2|2|3|3|4|3|3|2,3|3|2|2|2|2|3|3|2|2,1|1|0|0|0,10O32I88477QG
1|0|0|7,4|4|4|4|4,0|0|0|0|0,4|4|4|0|3|1|4|4|3|0,4|4|0|1|2|3|4|4|4|0,4|2|3|0|1|0|4|4|3|0,0|3|4|0|3|4|4|4|4|0,4|3|3|0|1|0|4|4|4|0,2|3|3|3|3,97S58M42809UC
3|3|6|3,4|4|4|4|4,0|0|0|0|0,3|4|3|1|3|3|3|3|1|1,3|3|3|0|2|2|3|1|1|1,4|4|3|1|4|4|4|4|1|1,4|4|2|1|3|3|3|1|1|1,3|3|3|1|3|3|3|1|2|1,3|0|0|1|1,99A13Q28578DZ
4|4|7,4|4|4|4,0|0|0|0,4|4|3|3|4|1|3|2|1|1,4|3|4|3|0|4|3|0|0|1,2|3|3|3|1|1|3|3|3|1,4|0|1|3|4|4|4|4|1|1,,2|1|0|0,19W22Q47880LD
8|8|6|6,4|4|4|4|4,0|0|0|0|0,3|4|3|3|4|3|3|4|2|1,3|4|4|3|3|3|4|4|2|1,3|4|3|3|3|3|2|4|2|1,2|3|3|3|3|2|3|3|2|1,3|3|4|3|4|3|3|4|2|1,0|3|4|1|0,31I28A27313YJ
3|6|8|7,4|4|4|4|4,0|0|0|0|0,3|3|3|1|3|2|3|4|1|0,4|3|3|2|3|3|3|3|1|0,4|4|3|3|4|3|4|3|1|1,3|3|4|3|3|3|3|3|1|1,4|4|4|3|4|3|3|4|1|1,1|0|0|1|4,74E55U31047NN
7|7|8|5,4|4|4|4|4,0|0|0|0|0,4|4|4|2|3|3|4|3|2|1,4|4|3|3|3|3|4|3|2|1,3|4|3|3|3|4|4|4|3|1,3|4|3|3|3|3|3|3|3|1,3|4|3|3|3|3|3|4|3|1,4|4|0|0|0,24K43B33884QR
3|6|4|2,4|4|2|4|4,0|0|0|0|0,4|4|4|4|4|4|4|4|0|0,4|2|3|1|2|3|3|3|1|1,4|4|4|2|2|2|3|4|0|1,4|3|2|0|2|2|3|3|2|1,4|2|3|2|2|3|4|3|1|1,2|2|4|1|0,91J25I54458DA
7|9|9|8,3|4|4|0|3,1|0|0|0|0,4|4|4|3|4|4|4|4|4|1,4|3|3|4|4|4|4|4|3|1,4|4|4|3|4|4|4|4|4|2,4|4|4|3|4|4|4|4|4|2,4|4|4|4|3|4|4|4|4|2,1|2|0|0|0,71S66Z90667KY
6|0|7|8,4|4|4|4|4,0|0|0|0|0,3|4|3|4|3|1|4|4|1|0,3|3|3|4|2|1|4|3|1|1,4|3|4|4|2|3|4|4|1|1,3|4|4|4|3|3|3|3|2|1,3|3|4|4|3|3|3|3|2|2,3|4|0|1|1,32P43Y35102QL
8|8|10|9,4|4|4|4|4,0|0|0|0|0,4|3|3|2|4|3|4|3|2|1,3|3|3|2|3|3|4|3|2|2,4|4|3|2|4|3|3|4|2|1,4|3|3|2|4|4|4|4|2|2,4|3|3|2|4|4|4|3|2|2,2|2|0|0|0,37H74S83931HI
2,4|4,0|0,2|3|2|2|3|3|3|2|3|1,3|1|1|1|3|4|3|3|2|0,,,,4|1,74N59C94804WS
10|8|10|8,4|4|4|4|4,0|0|0|0|0,4|4|3|3|4|3|3|4|2|1,3|4|3|2|4|4|4|4|2|1,3|4|3|2|4|3|4|4|2|1,4|4|3|4|4|4|4|4|2|1,4|4|3|3|4|3|3|4|2|1,0|0|4|0|0,15O71V64368YC
4|3|7|7,4|4|4|4|4,0|0|0|0|0,3|3|2|3|4|4|4|3|3|1,3|3|2|3|3|3|3|2|3|1,4|4|3|3|3|4|4|4|3|1,4|4|3|3|4|4|4|4|3|1,4|4|3|3|4|4|4|3|3|1,0|1|0|0|0,77G82F48017ON
7|8|10|9,4|4|4|4|4,0|0|0|0|0,3|3|2|3|3|3|3|4|3|0,3|3|3|2|4|3|4|4|2|0,3|3|3|2|3|4|3|4|3|0,3|4|3|2|3|3|4|4|3|0,4|3|3|2|3|3|4|4|3|1,4|3|0|0|0,88J85G88343AJ
6|2|8|7,3|4|3|4|3,0|1|1|1|1,3|3|3|2|3|3|3|3|3|0,3|3|3|3|3|3|3|3|3|1,3|3|3|3|3|3|3|3|3|0,3|3|3|2|3|3|3|3|3|0,3|3|3|2|3|3|3|3|2|0,4|2|1|1|1,98N31G76259GO
3|9|6|8,4|4|4|4|3,0|0|0|0|0,3|4|1|2|3|3|3|3|2|1,3|3|2|1|3|3|4|3|1|1,4|4|3|2|3|4|4|4|1|1,4|4|4|2|4|4|4|4|3|2,2|3|3|3|3|3|3|3|3|2,2|4|0|0|1,24K20O79241HR
2|0|2|10,4|4|4|4|4,0|0|0|0|0,3|4|2|1|4|2|4|3|2|1,4|4|4|4|4|4|3|3|0|1,3|3|3|3|3|2|3|3|0|0,3|3|3|3|4|3|3|3|0|1,3|3|3|3|4|4|3|3|2|2,0|0|0|0|0,29A35L16828LH
8|6|1|3,4|4|4|4|4,0|0|0|0|0,3|3|3|3|3|3|3|3|3|1,3|3|3|3|3|3|3|3|3|1,3|3|3|3|3|3|3|3|3|1,3|3|3|3|3|3|3|3|3|1,3|3|3|3|3|3|3|3|3|1,0|3|1|1|1,65G81X95310XQ
6|3|2|7,4|4|4|4|4,0|0|0|0|0,3|2|3|1|3|1|3|3|1|1,3|2|4|1|3|3|4|2|1|1,3|2|2|0|3|3|4|2|1|0,4|3|1|0|2|3|2|2|3|1,3|2|3|1|2|3|3|1|2|3,3|3|2|1|1,17Y33D73884HU
8|6|5|8,4|4|4|4|4,0|0|0|0|0,3|3|3|2|3|3|3|3|3|1,3|3|3|1|2|2|3|3|3|1,3|3|1|2|2|3|2|3|3|1,3|4|2|1|3|3|3|3|3|1,3|3|3|3|2|3|3|3|3|1,4|0|1|1|1,20R69C63082GP
8|7|7|7,4|4|4|4|4,0|0|0|0|0,3|3|3|2|3|3|4|4|3|1,3|3|3|2|3|3|4|3|3|1,3|2|3|3|3|2|3|3|3|1,3|2|1|3|2|1|3|2|3|1,3|3|2|3|2|2|3|2|3|1,2|4|1|1|1,43X85Z64446HA
5|7|8|3,4|4|4|4|4,0|0|0|0|0,4|3|3|4|4|4|4|3|2|1,4|3|3|1|3|4|3|2|3|2,4|4|4|3|3|3|3|2|3|1,4|4|3|3|4|4|4|3|3|1,3|4|2|3|4|4|3|3|2|1,1|3|0|0|0,21C26P83665LR
5|7|6|3,4|3|3|3|3,0|1|0|0|1,3|2|3|2|3|2|3|3|2|1,3|3|3|2|3|2|3|3|2|1,3|3|3|2|2|2|3|3|2|1,3|3|3|2|3|2|3|3|2|1,3|2|3|2|3|2|3|3|2|1,3|0|1|1|1,94O58A38837KH
5|4|7|6,4|3|4|4|4,0|0|0|0|0,3|2|3|2|3|2|3|3|2|1,3|3|2|2|3|3|3|3|2|1,3|3|3|2|3|3|3|3|4|1,3|3|3|3|3|3|3|3|3|1,3|4|3|3|3|4|4|4|3|1,3|2|1|1|1,82M83N23460ME
6|8|9|8,4|4|4|4|4,1|0|0|0|0,3|3|3|2|3|3|3|3|2|1,3|3|3|2|3|3|3|3|1|1,3|3|3|2|3|3|3|3|2|1,3|3|3|3|3|3|3|3|2|1,3|3|3|2|3|3|3|3|2|1,2|1|1|1|1,81D67Q21267LB
0|0|0|2,4|4|4|4|4,0|0|0|0|0,4|3|3|4|3|3|3|3|3|2,3|2|2|3|3|3|3|3|2|1,3|1|2|3|2|2|3|2|2|1,3|1|3|3|3|3|3|3|2|1,3|1|3|2|3|3|3|3|2|1,3|0|0|0|0,89I77R74343BR
4|7|7|7,4|4|4|4|4,0|0|0|0|0,3|4|2|1|3|3|3|2|3|0,4|4|3|1|3|3|4|3|3|0,3|4|3|1|3|3|3|4|2|0,3|4|2|0|3|4|4|2|1|0,3|4|3|0|4|4|4|4|2|0,2|3|0|0|0,49D37C18043VE
4|7|6|6,4|4|4|4|4,0|0|0|0|0,3|3|2|1|3|3|3|3|3|0,3|2|3|2|3|3|3|3|3|0,2|3|3|2|3|2|3|3|3|0,3|2|3|2|3|2|3|3|3|0,4|3|2|2|3|3|3|3|3|1,0|0|3|3|3,56U23M27817HQ
6|4|3|2,4|4|4|4|4,0|0|0|0|0,3|3|2|3|4|3|3|3|2|1,3|3|2|2|4|3|3|3|1|1,3|3|3|2|4|4|4|4|3|1,3|3|3|2|2|3|2|3|2|1,3|3|3|1|3|3|4|3|3|1,3|3|1|1|2,39G77U26883CF
3|4|1|3,4|4|4|4|4,0|0|0|0|0,3|3|2|1|3|3|3|3|2|1,3|3|3|1|3|3|3|3|3|1,3|3|3|0|3|3|3|3|3|1,3|3|3|0|1|3|3|3|3|1,3|3|3|1|3|3|4|4|3|1,4|2|3|3|3,73H92T56931NB
2|5|7|3,4|4|3|4|3,2|0|0|0|0,3|4|4|1|3|3|4|4|3|0,3|3|3|2|3|3|3|3|3|1,4|4|4|2|3|4|4|4|3|1,4|4|3|3|4|4|4|3|4|1,4|4|4|3|4|4|4|4|3|1,2|3|0|0|0,96O50L43231CD
0|4|4|5,4|4|3|4|3,0|0|1|0|1,3|3|2|2|4|3|3|4|2|1,3|3|3|2|3|2|2|3|1|1,3|3|3|3|3|3|3|3|2|1,3|3|3|3|3|3|3|3|2|1,3|3|3|3|3|3|3|3|2|1,3|4|1|1|1,73P55Z83820NW
3|6|6|8,4|4|4|4|4,0|0|4|0|0,4|3|4|2|3|4|3|3|3|1,4|4|4|3|3|2|4|4|2|1,3|4|4|3|3|2|3|4|2|1,3|4|3|3|3|2|3|4|2|1,3|3|3|3|3|2|3|3|2|1,1|1|0|0|0,81Q83C72400JT
5|5|5|3,4|3|4|3|3,0|0|0|1|1,4|2|3|2|2|2|2|3|4|1,2|1|3|2|2|2|3|2|2|1,3|3|3|2|3|3|3|3|2|2,2|1|3|2|2|2|2|3|2|1,3|2|3|2|3|3|3|3|2|1,4|2|0|0|0,95K17X79321EH
6|10|0|5,4|4|4|4|4,0|0|0|0|0,3|4|3|0|4|2|2|4|2|0,4|3|2|2|3|3|4|3|2|0,4|4|2|2|4|3|3|4|2|0,2|2|2|2|3|3|3|2|2|0,4|4|2|2|4|4|4|4|2|0,1|1|4|1|4,72J96C21215FS
6|9,4|4|4,1|0|0,3|3|3|3|3|3|3|3|2|1,3|3|3|2|3|3|3|3|2|2,4|3|3|2|3|3|3|3|2|1,,,0|0|3,17H96F87416BT
8|10|10|10,4|4|4|4|4,0|0|0|0|0,4|4|4|4|4|4|4|4|4|0,4|4|4|4|4|4|4|4|4|1,4|4|4|4|4|4|4|4|4|1,4|4|4|4|4|4|4|4|4|1,4|4|4|4|4|4|4|4|4|1,0|3|0|0|0,41J96G67013CO
6|9|6|7,0|4|4|4|4,0|0|0|0|0,3|3|3|2|4|4|4|3|3|0,3|3|3|2|4|4|4|3|3|1,4|4|3|3|4|4|4|4|3|1,3|3|4|2|4|4|3|3|3|1,4|3|3|2|4|4|4|4|3|1,3|1|0|0|0,45G47J92003MS
10|2|10|7,4|4|4|4|4,0|0|0|0|0,1|3|3|3|4|4|4|4|4|1,4|4|3|4|4|4|4|2|3|1,4|4|3|4|4|4|4|4|3|1,4|4|3|4|4|4|4|4|4|1,4|4|4|4|4|4|4|4|4|1,2|1|0|0|0,72C33J88669ZH
8|7|7|7,4|4|4|4|4,0|0|1|0|0,3|2|3|3|3|2|3|3|1|1,3|3|3|3|3|3|3|3|2|1,3|3|3|3|3|3|2|3|3|1,3|4|3|4|3|3|3|3|2|1,3|3|3|1|3|3|4|3|1|1,4|2|1|1|2,61M12N83993YS
5|4|3|6,4|4|4|4|4,0|0|0|0|0,4|4|3|4|4|4|4|4|2|1,3|4|3|4|3|3|4|3|2|1,4|4|3|2|4|3|4|3|3|1,2|3|1|2|3|3|4|3|3|1,4|4|3|2|4|4|4|4|3|1,3|2|0|2|0,31M51M22216QV
6|0|6|8,4|4|4|4|4,0|0|0|0|0,3|2|4|1|3|4|4|3|3|1,4|2|3|2|1|2|3|3|3|1,3|1|2|0|0|1|1|2|3|1,3|2|4|2|2|3|3|3|3|1,1|4|3|0|1|1|1|4|3|1,4|0|1|1|0,98V53O58605YD
8|6|9|8,3|4|4|4|4,3|0|0|0|0,4|3|3|4|3|4|3|4|3|3,4|4|4|4|4|3|4|4|3|1,4|4|4|4|3|3|4|4|3|1,4|4|4|4|4|4|4|4|4|3,3|4|4|4|4|4|4|4|4|1,1|0|4|4|2,57K72D85983QK
4|3|3,4|4|4|4,0|0|0|0,3|3|3|4|3|3|4|3|4|1,3|1|3|4|3|3|3|4|3|1,1|3|1|1|3|1|1|3|4|1,0|3|1|3|1|1|1|3|4|0,,0|2|1|1,39R90Y93021IX
5|6|3|5,4|4|3|3|3,0|0|1|1|1,3|2|3|2|3|3|3|3|3|0,3|3|3|2|3|3|3|3|3|0,3|3|2|2|3|3|3|3|2|0,2|1|1|2|2|3|2|3|2|0,2|2|2|1|2|2|2|3|2|0,0|0|1|1|1,15F76T34415WM
2|9|9|9,4|3|4|4|3,0|0|0|0|0,2|3|3|3|3|3|3|3|2|1,3|3|3|2|3|2|3|3|2|1,3|3|3|2|3|3|3|3|1|1,3|3|3|3|3|3|3|3|3|1,3|2|3|3|3|3|3|4|2|2,1|1|0|0|0,63P70J16508RB
9,4|4,2|0,4|4|4|3|3|4|4|4|2|1,4|4|4|3|4|4|4|4|2|1,,,,0|3,34R19P51339WL
9|9|10|9,4|4|4|4|4,0|0|0|0|0,3|3|3|4|3|3|3|3|3|1,3|3|4|3|4|3|3|4|3|1,4|4|4|3|4|4|4|4|3|1,3|4|4|3|4|4|4|4|4|1,4|4|3|3|4|3|4|4|3|1,1|3|0|0|0,37I54Y55739TJ
7|7|6|8,4|4|4|4|4,0|0|0|0|0,3|4|4|2|3|3|4|4|3|0,3|4|3|2|4|3|3|4|4|0,3|4|3|3|3|3|4|4|3|0,3|4|3|2|3|3|3|4|3|0,4|4|3|2|3|3|4|3|3|0,1|1|1|0|0,42X31M18343MQ
,4,0,4|3|3|2|4|3|4|3|1|0,,,,,0,44S11I40159JJ
7|6|6|6,4|4|4|4|3,0|0|0|3|0,3|3|3|1|3|3|3|3|2|0,3|3|3|2|3|1|3|3|3|0,3|3|3|2|3|3|3|3|3|0,3|3|3|1|3|2|3|3|3|0,3|3|3|1|3|2|3|3|3|0,4|1|1|1|1,79D38P68479XR
6|5|6|8,3|4|4|4|4,0|0|0|0|0,3|3|3|1|3|3|3|3|1|0,4|4|3|3|4|3|4|4|3|1,4|3|3|2|3|4|4|3|3|1,4|4|3|3|4|4|4|4|3|1,2|4|3|4|3|4|4|4|4|1,4|1|3|0|4,12C19N85851SF
0|5|8|7,4|4|4|4|4,0|0|0|0|0,4|0|0|0|0|0|2|0|3|1,3|1|0|0|2|2|3|2|3|1,4|2|2|1|3|3|3|2|3|1,3|1|0|0|2|2|3|2|3|1,3|2|1|2|2|3|3|2|4|1,3|0|4|1|1,65G36L52740QU
10|8|9|10,4|4|4|4|4,0|0|0|0|0,4|4|4|4|4|2|3|4|4|0,4|4|4|4|4|4|4|4|4|0,4|4|4|3|4|2|3|4|4|1,4|4|4|4|4|4|4|4|4|2,4|4|4|4|4|4|4|4|4|2,4|3|0|0|0,30K95A51019MG
6|2|8|9,4|4|4|4|4,0|0|0|0|0,4|4|3|4|3|3|4|3|1|1,4|4|3|4|4|4|3|4|0|2,4|4|3|3|3|3|2|4|0|1,3|3|3|3|2|2|3|4|0|1,4|3|3|3|3|3|3|3|0|1,0|3|4|4|1,81R52X36242DF
8|7|6|6,4|4|4|4|4,0|0|0|0|0,3|4|1|3|4|4|4|3|3|0,3|3|3|2|3|3|4|3|3|0,3|3|2|2|3|3|3|4|3|0,3|4|2|2|3|3|4|4|3|0,3|3|2|2|3|3|4|4|3|0,4|2|0|1|1,16O74P12974BH
7|9|10|5,4|4|4|4|4,0|0|0|0|0,3|3|2|3|4|4|4|4|2|1,4|4|3|1|4|4|4|4|2|1,3|3|3|2|3|4|3|4|2|1,3|3|3|2|4|4|4|4|3|1,3|3|3|2|3|3|4|4|3|1,3|4|0|1|1,24L19B89171MX
0|5|4|4,4|4|4|4|4,0|0|0|0|0,3|3|3|1|2|3|4|3|2|0,3|3|3|1|2|2|2|3|2|0,3|3|3|1|0|2|3|4|2|0,3|3|3|1|0|2|3|3|1|0,3|3|4|3|2|2|3|3|3|0,1|4|3|3|1,18J77L80300JV
4|7|2|5,4|3|4|3|4,0|0|0|0|0,2|2|3|1|3|3|1|3|3|1,2|3|3|2|3|2|2|3|3|1,3|3|2|2|2|2|3|3|3|1,3|3|3|2|3|3|3|3|2|1,3|3|3|2|3|2|3|3|2|1,4|3|0|0|0,32Y99C98557RY
6|6|3|2,4|4|4|4|4,0|0|0|0|0,3|4|1|0|1|1|4|4|3|1,3|3|2|1|3|2|4|3|3|1,1|4|4|1|1|1|2|4|3|1,3|3|3|0|2|1|4|3|3|1,3|4|3|0|2|2|3|3|3|1,0|1|0|2|1,24I25D46212CK
8|7|8|8,4|4|4|4|4,0|0|0|0|0,4|3|3|2|4|3|3|3|2|1,3|3|4|2|3|4|4|3|2|1,4|3|3|2|3|4|3|3|2|1,3|3|3|2|3|3|4|3|2|1,3|3|3|2|3|3|4|3|2|1,4|2|0|0|0,98N89B40821EU
5,4|4,0|0,4|3|3|3|3|3|3|3|3|1,3|3|3|4|3|3|4|3|3|1,,,,1|4,44D47U98317EW
3|7|4|4,3|4|4|4|4,0|0|0|0|0,3|3|3|1|1|1|3|3|0|0,3|3|3|3|2|3|3|2|0|0,3|3|3|3|1|1|3|3|0|1,3|3|3|3|2|2|3|3|0|1,3|3|3|3|3|3|3|3|0|1,1|1|0|0|0,56N56D88799IG
0|0|6|0,4|4|3|3|3,0|0|0|0|1,3|3|3|1|3|2|3|3|4|0,3|3|3|2|3|3|3|3|4|0,3|3|3|2|2|2|2|3|4|0,3|3|1|1|2|1|2|3|4|0,3|3|2|2|2|2|4|3|4|0,0|3|1|1|1,27N16G97045JS
4|5|1|6,4|4|4|4|4,0|0|0|0|0,3|3|1|1|1|3|3|2|0|0,2|3|1|3|3|3|2|3|1|1,4|4|1|2|3|4|3|3|0|1,3|4|2|1|3|3|3|3|0|1,3|3|1|1|3|3|3|3|1|1,0|1|3|3|3,79I63P99665NA
1|1|1|1,4|4|4|4|4,0|0|0|0|0,2|3|2|2|4|3|3|3|4|1,4|4|2|2|4|4|4|4|2|1,3|3|2|1|4|3|4|4|4|1,3|3|2|1|3|3|3|3|3|1,3|3|3|1|4|3|3|3|3|1,2|4|0|0|0,86A65H12754SN
7,4|4,0|0,4|3|3|4|3|3|3|3|3|1,3|3|3|3|3|3|3|3|2|1,,,,2|3,14T46U45814VL
8|9,4|4|4|4|4,0|0|0|0|0,4|3|4|4|4|4|4|4|2|2,4|4|3|3|4|4|4|4|4|2,4|4|4|3|4|4|4|4|3|1,4|4|4|4|4|4|4|4|4|1,4|4|4|4|4|4|4|4|4|1,4|4|0|0|0,84Q15X94786OQ
6|8|7,4|4|0|4,0|0|0|0,3|3|3|3|4|3|3|3|2|1,4|4|4|3|3|3|3|3|3|1,3|3|3|3|4|3|3|3|2|1,3|3|3|2|3|3|4|3|3|1,,1|2|4|3,66H50N71160PM
5,4|4,0|0,4|3|3|1|4|4|4|4|4|1,4|4|4|3|4|3|4|4|4|1,,,,4|0,14X68E22952GV
4|3|6|2,4|4|4|4|4,0|0|0|0|0,4|4|2|4|3|3|4|4|3|1,3|4|2|4|3|3|4|3|2|1,4|4|2|4|3|3|4|4|2|1,4|4|2|4|4|3|4|3|2|1,3|3|3|4|3|2|3|3|2|1,3|4|0|0|1,96B45A38993QE
6|0|5,4|4|4|4,0|0|0|0,4|3|3|3|3|3|4|4|2|1,4|3|3|3|3|2|4|3|1|1,4|4|4|4|3|3|3|3|2|1,4|3|3|2|3|3|4|4|2|1,,0|1|1|0,95L55T63547CW
6|6|6|6,4|4|4|4|4,0|0|0|0|0,3|3|3|0|3|3|3|3|0|1,3|3|3|0|3|3|3|3|0|2,3|3|3|0|3|3|3|3|0|2,3|3|3|0|3|3|3|3|0|2,4|4|4|0|4|4|4|4|0|2,1|4|0|0|0,98S96T85477LJ
2|3|3|5,4|4|4|4|4,0|0|0|0|0,4|0|2|3|3|4|4|2|3|0,4|1|3|0|4|4|4|3|2|1,4|1|3|0|2|3|4|2|3|1,4|2|4|3|4|4|4|3|3|1,4|3|1|0|1|3|3|2|3|1,4|0|0|0|1,38R42L51168TI
5|5|1|3,4|4|4|4|4,0|0|0|0|0,3|3|2|3|4|4|4|3|3|0,3|3|2|3|3|3|4|3|1|1,3|3|3|2|3|4|3|3|2|1,4|3|3|3|3|4|3|3|2|1,3|3|2|3|3|4|3|3|1|1,3|3|1|1|1,16M21V26693RY
10|10|9|10,4|4|4|4|4,0|0|0|0|0,4|4|3|3|4|3|3|4|2|1,4|4|4|3|4|3|4|4|0|1,4|3|4|3|3|3|3|4|1|2,4|3|3|3|3|3|3|3|1|2,4|4|3|3|4|4|4|4|1|2,0|0|4|1|0,32E41T69186ZV
1,4|4,0|0,3|0|2|1|3|3|4|2|1|0,4|1|3|1|3|3|3|2|1|0,,,,4|3,35P60P93768YG
0|1|0,4|4|4|0,0|0|0|0,3|2|1|2|1|3|3|2|2|0,3|2|1|2|3|0|3|3|2|1,3|2|1|2|1|1|3|2|2|1,3|2|3|2|3|3|4|2|2|1,,1|1|1|2,85V17J90082DW
3|4|2|1,4|4|4|4|4,0|0|0|0|0,3|1|2|1|2|2|0|3|3|1,3|2|2|1|2|2|3|3|3|1,3|3|2|1|2|2|3|2|3|1,3|0|1|0|2|2|2|2|3|1,3|2|2|1|1|2|3|2|3|1,1|2|1|1|1,75X14G59910UW
9|10|9|10,4|4|4|4|4,0|0|0|0|0,3|3|3|3|4|3|3|4|2|1,4|3|3|4|4|3|4|4|3|1,4|3|3|4|4|3|4|4|3|2,4|4|3|4|4|4|4|4|4|3,4|4|3|3|4|3|4|4|0|3,0|3|0|0|0,58S35S76586GO
7|7|9|8,4|4|4|4|4,0|0|0|0|0,3|3|3|2|3|3|4|3|3|2,3|4|2|2|3|3|4|4|3|1,3|3|2|2|3|3|3|3|3|2,3|4|2|1|3|3|3|3|3|1,3|3|3|1|3|3|3|3|3|1,3|4|1|1|1,14I23G40678AJ
10|10|10|10,4|4|4|0|4,0|0|0|0|0,4|4|4|4|4|4|4|4|4|1,4|4|4|4|4|4|4|4|4|1,4|4|4|4|4|4|4|4|4|1,4|4|4|4|4|4|4|4|4|1,4|4|4|4|4|4|4|4|4|2,4|3|0|0|0,17H10C72502BI
5|9|7|10,4|4|4|4|4,0|0|0|0|0,3|4|4|2|4|4|4|4|3|2,3|3|3|2|3|3|3|4|3|2,3|4|4|2|3|3|3|4|3|2,3|4|4|2|3|3|3|4|3|2,3|4|4|2|3|3|3|4|3|2,3|1|0|0|0,80Z39A79612FT
5|0|0|2,4|4|4|4|4,0|0|0|0|0,3|3|1|2|3|3|4|3|3|0,4|3|2|1|3|3|3|3|3|1,3|3|1|3|3|2|4|4|1|1,3|3|1|1|3|3|3|3|2|1,3|3|1|1|2|2|3|3|2|1,4|0|4|3|3,21V84F37069MH
10|10|9|10,4|4|4|4|4,0|0|0|0|4,4|4|4|4|4|4|4|4|3|0,4|4|4|4|4|4|4|4|4|1,4|4|4|4|4|4|4|4|3|1,4|4|4|4|4|4|4|4|3|1,4|4|4|4|4|4|4|4,0|0|0|0,10A21F18594NK
5|2|0|3,4|4|4|4|4,0|0|0|0|0,3|3|2|1|2|3|3|3|2|1,3|3|2|3|3|3|3|3|2|1,3|3|3|3|3|3|3|3|2|1,2|3|3|3|3|3|3|3|2|1,2|3|3|3|3|3|3|3|2|1,1|4|1|1|1,31C77N88682CM
7|5|7|6,4|4|4|4|4,0|0|0|0|0,3|3|1|1|3|1|3|3|2|0,3|3|1|1|1|1|1|3|2|0,3|3|2|2|3|1|3|3|2|0,3|3|3|2|3|1|3|3|2|1,3|3|1|2|3|1|3|3|2|1,1|0|1|1|1,52S32B30914FK
6|7|8|9,4|4|4|4|4,0|0|0|0|0,4|4|4|3|4|3|4|4|3|1,4|4|4|2|4|4|4|4|4|1,4|4|3|2|3|3|4|4|3|1,4|4|3|3|4|4|4|4|3|1,4|3|3|3|4|3|4|4|3|1,4|2|4|4|4,12O34D29417JU
9|9|7|9,4|3|4|3|3,0|0|0|1|1,3|3|3|1|3|3|3|3|1|1,3|3|2|1|3|3|3|3|1|2,3|3|3|1|3|3|3|3|1|2,3|3|3|1|3|3|3|3|1|2,3|3|3|2|3|3|3|3|2|2,0|4|1|1|1,21C64C97070GO
0|2|7|6,4|4|3|4|3,0|0|0|0|0,3|3|2|3|3|2|4|1|1|1,4|0|3|2|3|3|4|1|1|1,4|4|3|3|3|3|4|4|1|1,4|1|3|2|1|3|3|1|1|1,3|3|3|3|3|3|3|3|1|1,0|3|0|0|0,47K48K26668MU
4|8|5|6,4|4|4|4|4,0|0|0|0|0,3|3|3|3|3|3|3|3|3|0,3|3|1|3|3|3|3|3|3|1,3|3|1|3|2|3|4|3|3|1,4|3|1|3|3|3|3|3|4|1,3|3|1|4|3|3|3|3|3|1,1|3|1|4|1,71N46H74618LQ
5|4,4|4|3,0|0|0,4|2|3|3|4|4|4|4|3|1,3|3|3|1|3|3|3|3|3|1,3|3|4|1|3|3|4|3|3|1,,,4|4|0,28Q64H72611KA
7|4|4|0,4|4|4|4|4,0|0|0|0|0,3|4|1|0|3|3|4|3|2|0,3|4|1|3|3|2|3|4|1|1,3|1|2|3|3|3|4|3|1|1,1|1|3|2|3|1|3|3|3|1,3|1|3|3|3|3|4|3|3|1,3|1|0|0|0,88B14S69830KL
4|4|3|3,4|4|4|4|4,0|0|0|0|0,3|2|2|2|3|4|4|3|3|1,4|3|3|1|3|4|4|3|3|0,4|3|1|1|3|4|4|3|3|1,3|3|2|1|3|3|3|3|3|0,3|3|1|1|3|3|3|2|3|0,0|3|0|1|1,56A13H70024KB
6|6|6|9,4|4|4|4|4,0|0|0|0|0,3|4|2|2|3|2|3|4|4|0,4|3|4|2|3|3|4|3|4|1,4|3|2|1|3|3|4|3|4|1,4|3|2|1|3|3|3|3|4|1,4|3|2|1|3|3|4|3|4|1,4|2|0|1|0,55V43R63887IF
6|10|6|6,4|4|4|4|4,0|0|0|0|0,3|3|3|2|3|3|4|3|4|1,3|4|4|2|4|4|3|3|3|1,4|4|3|2|3|3|3|3|2|1,3|4|3|2|3|3|3|3|2|1,3|3|3|2|3|3|3|3|2|1,4|2|3|3|3,35C25S72378JJ
9|7|8|4,4|4|4|4|4,0|0|0|0|0,4|3|3|2|4|3|4|4|3|1,4|4|4|3|4|3|4|4|3|1,4|3|2|2|4|3|4|4|2|1,3|3|2|2|3|3|2|3|3|1,4|3|3|2|4|4|4|4|3|1,3|3|0|0|0,53B96I47188LK
8|10|10|10,4|4|4|4|4,0|0|0|0|0,4|3|3|2|4|3|4|4|3|0,4|4|4|3|4|4|4|4|3|0,4|4|4|2|4|4|4|4|3|1,4|4|3|3|4|4|4|4|3|1,4|4|4|3|4|4|4|4|3|1,4|0|0|0|0,79S55Y13976BB
5|5|5|5,4|4|4|4|4,0|0|0|0|0,4|4|4|3|4|4|4|4|3|1,4|1|3|1|3|4|4|3|3|1,4|1|3|1|4|4|4|4|3|1,4|3|3|0|3|4|4|4|3|1,3|3|3|1|3|3|3|3|3|1,1|0|0|0|0,45X76I50930TO
7|8|9|10,4|4|4|4|4,0|0|0|0|0,4|3|4|4|4|3|4|4|3|1,4|4|4|4|4|4|4|4|3|2,4|4|4|4|4|4|4|4|3|1,4|4|4|3|4|4|4|4|4|1,4|4|4|3|4|4|4|4|4|2,2|3|0|0|0,70M80Y38484YX
6|4|4|5,4|4|4|4|4,0|0|0|0|0,3|4|3|3|3|3|3|4|3|0,4|3|2|3|3|3|4|4|3|0,4|4|3|3|4|3|4|4|3|1,4|4|3|3|3|3|3|4|3|1,4|4|3|3|3|3|3|3|3|1,2|1|0|4|1,65C29S61471MY
9|9|8|9,4|4|4|4|4,0|0|0|0|0,4|4|4|2|4|4|4|4|3|1,4|4|3|2|4|4|4|4|3|1,4|4|4|2|4|4|4|4|3|1,4|4|4|2|4|4|4|4|3|1,4|4|3|2|4|4|4|4|3|1,0|1|4|4|4,25Z71J57080RB
6|6|7|5,4|0|4|4|4,0|0|3|0|0,3|1|2|3|2|4|3|2|2|1,2|4|2|2|3|2|3|3|2|1,3|3|3|2|2|2|3|3|2|1,3|3|3|2|3|2|2|3|3|1,1|2|3|1|2|2|2|3|2|1,1|3|1|1|1,63W84N62639MJ
10|10|10|9,4|4|4|4|4,0|0|0|0|0,3|3|2|3|3|3|3|4|2|1,3|3|2|3|3|3|3|4|2|1,3|3|2|3|3|3|3|3|2|1,3|3|2|3|4|3|4|3|2|1,3|3|2|3|3|3|3|3|2|1,1|2|1|2|1,74V74O57294FQ
0|10|0|0,4|4|4|4|4,0|0|0|0|0,3|3|2|1|3|3|3|4|3|0,4|4|3|1|3|4|4|4|3|0,4|3|3|2|3|4|3|4|3|0,4|3|3|2|3|4|4|4|3|0,3|3|3|2|3|3|3|3|3|1,1|1|4|0|1,32D61J39981BG
0|0|0|0,4|4|4|4|4,0|0|0|0|0,4|3|3|0|0|0|4|0|1|0,4|3|3|0|3|2|3|3|0|0,2|1|2|0|0|0|0|0|1|0,3|2|2|0|0|0|2|2|0|0,3|0|2|0|0|0|2|3|0|0,0|0|1|1|1,59P56F14729CF
7|7|8|7,4|4|4|4|4,0|0|0|0|0,3|2|2|1|3|3|4|3|4|1,3|3|3|4|4|3|4|4|3|1,3|3|3|4|3|3|4|3|3|1,3|3|4|3|4|4|3|4|4|1,4|3|4|3|3|3|4|4|3|2,3|1|1|0|4,76X19X20175MK
8|7|6|7,4|4|4|4|4,0|0|0|0|0,4|4|4|4|4|4|4|3|3|1,4|3|3|3|4|3|4|4|3|1,3|4|3|4|4|4|4|3|3|1,4|3|3|3|4|4|4|4|3|1,4|3|4|3|4|3|4|4|4|1,1|1|1|4|4,86G16K77062BT
2|7|7|4,4|4|4|4|4,0|0|0|0|0,3|3|3|1|3|3|3|2|2|1,3|2|2|3|4|3|3|2|2|2,3|3|3|2|3|3|3|4|2|1,3|3|4|2|3|3|3|4|2|2,4|3|4|2|4|4|3|4|2|2,0|0|0|0|4,27D98G72166AH
4|3|0|7,4|4|4|4|4,0|0|0|0|0,3|3|2|1|4|4|4|3|3|1,4|3|3|3|2|3|3|3|2|1,4|4|3|1|3|4|4|4|2|1,3|3|3|2|3|4|3|3|2|1,3|3|4|3|4|3|3|3|3|2,2|2|3|3|4,44Q46X71764PP
6|4|6|6,4|4|4|4|4,0|0|0|0|0,2|3|3|2|2|3|4|3|2|2,3|3|3|2|2|2|3|3|2|2,3|3|3|2|3|2|3|3|2|2,3|3|3|2|2|1|3|3|2|2,3|3|3|2|3|2|3|3|2|2,4|3|1|1|1,91O64U43525ZA
5|10|10,4|4|4|4,0|0|0|0,4|4|4|4|4|4|4|4|4|1,4|4|4|4|4|4|4|4|4|1,4|4|4|4|4|4|4|4|4|2,4|4|4|4|4|4|4|4|4|2,,3|4|0|0,28W88H59506UT
6|5|7|3,4|4|4|3|3,0|0|0|0|0,3|3|2|2|3|2|3|3|3|1,3|3|2|2|3|3|3|3|3|1,4|4|3|3|3|3|4|4|2|1,3|3|3|3|3|3|3|3|3|1,3|3|3|3|3|3|3|3|3|1,4|4|4|1|1,45T15A49902HO
4|6|5,4|4|4|0,0|0|0|0,3|3|3|3|4|3|3|3|2|2,3|3|2|2|4|3|4|4|2|2,3|3|3|3|3|3|4|4|2|2,3|3|3|2|3|3|3|3|2|2,,4|0|1|0,82X84W51741VP
0|0,4|4|4,0|0|0,4|4|4|2|3|3|3|3|1|0,4|3|3|0|3|4|4|3|1|0,3|3|3|3|2|2|3|3|0|0,,,1|1|1,51Q39J98572TQ
6|5|3|7,4|4|4|4|4,0|0|0|0|0,3|2|2|1|3|2|3|3|2|1,4|3|2|2|3|3|3|3|3|2,2|3|2|2|3|3|3|2|2|2,4|3|3|2|4|3|3|4|3|2,2|2|2|2|2|3|3|3|3|2,2|4|3|4|3,51V56L79151EF
3|6|1|2,4|4|4|4|4,0|0|0|0|0,2|3|3|2|2|2|3|3|1|1,3|3|4|3|3|3|4|4|1|1,4|4|3|2|3|3|3|3|1|1,3|2|3|2|1|1|3|2|1|1,4|3|3|2|2|2|3|2|1|1,4|4|4|1|4,17L58A50635JJ
8|7|7|10,4|4|4|4|4,0|0|0|0|0,3|3|2|3|3|3|3|2|3|2,3|3|3|2|3|3|3|3|3|1,3|3|4|3|4|4|4|3|3|1,4|4|4|3|4|4|4|4|3|1,4|4|4|4|4|4|4|4|3|2,1|1|2|0|0,47A10J95967SZ
7,4|4,0|0,4|3|3|2|3|3|4|3|3|1,3|3|4|2|3|3|4|3|3|1,,,,2|1,61M33H14278NN
10|8|8|10,4|4|4|4|4,0|0|0|0|0,3|3|3|3|3|3|3|3|2|1,3|3|3|2|3|2|3|3|2|1,3|3|3|3|3|3|3|3|2|1,3|3|3|3|3|3|3|3|3|2,3|3|3|3|3|3|4|4|3|2,3|3|0|0|0,49D34H64237US
10|10|9|10,4|4|4|4|4,0|0|0|0|0,4|4|4|4|4|4|4|4|4|1,4|4|4|4|4|4|4|4|4|1,4|4|4|3|4|4|4|4|4|1,4|4|4|4|4|4|4|4|4|2,4|4|4|4|4|4|4|4|4|2,0|3|0|0|0,86J24W52087RC
6,4|4,0|0,4|4|4|3|4|3|3|4|2|2,3|4|4|3|3|3|3|3|2|2,,,,1|3,33X82R20559RS
10|5|0|10,4|4|4|4|4,0|0|0|0|0,2|4|3|1|4|2|3|4|4|1,4|4|3|1|4|4|4|4|4|1,3|4|2|2|4|3|4|4|4|1,4|4|2|2|4|3|4|4|4|1,3|3|2|2|2|2|3|4|3|1,3|2|4|4|3,94D39L38361UN
6,4|4,0|0,4|4|3|2|3|3|3|2|2|1,4|4|1|2|3|3|3|2|2|1,,,,1|0,72N37I88110AA
9|8|8|8,4|4|4|4|4,0|0|0|0|0,4|4|3|3|3|4|4|4|3|0,4|3|3|2|4|3|4|4|3|0,4|3|3|3|4|4|4|4|3|1,4|3|4|3|4|4|4|4|3|1,3|4|3|3|4|3|4|4|3|1,1|2|4|4|2,80F39P66018HG
9|7|8|7,4|4|4|4|4,0|0|0|0|0,3|2|3|2|2|3|2|3|3|0,3|2|3|2|4|4|4|3|3|2,3|4|3|2|4|3|3|4|3|2,3|3|3|2|4|3|4|4|3|2,3|3|3|2|4|4|4|4|3|2,4|3|0|1|1,26M50F15172AE
7|9|8|4,4|4|4|4|4,0|0|0|0|0,4|4|4|4|4|4|4|4|4|1,4|4|4|4|4|4|4|4|4|1,4|4|4|4|4|4|4|4|4|1,4|4|4|4|4|4|4|4|4|1,4|4|4|4|4|4|4|4|4|1,1|0|0|0|0,55I51M39777YE
8|9|9|10,4|4|4|4|4,0|0|0|0|0,3|3|3|2|3|2|3|3|3|1,3|3|3|2|3|3|3|4|4|1,4|4|4|2|4|3|4|4|4|1,3|3|3|2|3|3|4|3|3|1,3|3|3|2|3|3|3|3|4|1,4|2|0|2|1,36Y61A25101BA
,4,0,4|4|3|3|4|3|4|4|3|1,,,,,4,47Q18E43628XI
5|5|0|5,4|4|4|4|4,0|0|0|0|0,4|3|2|2|3|3|3|3|2|1,3|3|3|2|3|3|3|3|3|2,3|3|3|2|3|3|3|3|2|2,3|3|3|2|3|3|3|3|2|2,3|3|3|2|3|3|3|3|2|2,1|4|0|0|0,55A51R28647HR
4|3|0|4,4|4|4|4|4,0|0|0|0|0,3|4|3|1|3|4|4|4|4|1,3|4|0|1|3|4|4|4|4|1,1|3|3|1|1|1|1|3|4|1,4|4|4|1|4|4|4|4|4|1,4|4|2|0|4|3|4|4|4|1,3|2|0|0|0,36U57P84141JV
6|7|5|7,4|4|4|4|3,0|0|0|0|0,3|3|3|3|3|4|4|3|3|1,3|3|3|2|3|3|3|3|3|1,3|3|3|2|3|3|3|3|3|1,3|3|3|3|3|3|3|3|3|1,3|3|3|3|3|3|3|3|3|1,4|2|3|1|1,83J63G64451GD
3|3|6|3,4|4|4|4|4,0|0|0|0|0,4|4|3|3|3|2|4|4|2|1,4|4|3|2|3|3|4|4|2|1,4|2|1|1|3|3|4|4|1|1,4|3|2|2|3|3|4|4|2|1,3|3|3|1|3|3|4|3|2|1,3|3|3|3|3,63F55K68347QW
10|10,4|4|4,4|0|0,4|4|4|4|4|4|4|4|4|0,4|4|4|4|4|4|4|4|4|1,4|4|4|4|4|4|4|4|4|1,,,4|2|0,90E30W26855LD
8|7|8|7,4|4|4|4|4,0|0|0|0|0,4|4|3|2|3|3|4|4|2|0,4|4|4|3|4|4|4|4|3|2,4|4|3|2|3|3|4|4|2|2,4|4|3|2|3|3|4|3|3|2,4|3|3|2|3|3|4|4|3|2,3|2|0|0|0,13K43Z14902FT
7|6|8|7,4|4|4|4|4,0|0|0|0|0,3|3|3|3|3|3|4|3|3|1,4|4|3|3|3|3|4|4|3|1,3|3|4|3|3|3|4|3|3|1,4|3|4|3|3|3|4|3|3|1,4|3|4|3|3|4|4|3|3|1,4|3|2|0|0,25I36U67223LN
5|7|7|9,4|4|4|4|4,0|0|0|0|0,3|3|4|3|3|3|4|3|3|1,3|3|3|3|3|3|4|3|3|1,3|3|4|3|3|3|4|3|3|1,4|4|3|3|3|3|4|3|4|1,3|3|3|3|3|3|4|4|3|1,4|2|1|1|4,74W57E73390LV
5|6|3|7,4|4|4|4|4,0|0|0|0|0,3|3|3|2|3|3|4|3|3|0,3|3|2|1|3|3|4|3|2|0,3|3|2|2|3|3|3|3|3|1,3|2|2|2|3|3|4|3|3|0,4|3|3|2|3|3|3|3|3|1,3|3|1|2|1,78B99Y89070MF
1|0|0|2,4|4|4|4|4,4|0|1|0|0,4|3|3|2|1|1|3|2|1|0,3|1|2|1|1|3|3|2|2|0,3|3|2|1|2|3|3|3|1|0,2|3|3|1|1|1|3|3|1|0,2|3|1|1|1|1|3|3|1|0,4|4|1|1|1,40W18Z69218NX
7|7|6|6,4|4|4|4|4,0|0|0|0|0,3|3|2|3|3|3|3|3|2|1,3|4|3|2|3|4|3|3|2|1,4|3|3|3|3|3|4|3|2|1,4|3|4|3|3|3|4|4|2|2,4|3|4|3|4|4|4|4|3|2,0|4|0|0|0,86U35P56396VI
8|8|6|7,4|4|4|4|4,0|0|0|0|0,3|3|3|3|3|3|3|3|3|1,4|4|4|4|4|4|4|4|3|1,3|3|3|3|3|3|3|3|3|2,3|3|3|3|3|3|3|3|2|2,3|3|3|3|3|3|3|3|3|2,1|3|1|1|1,45L51Q44787WC
7|6|7|7,4|4|4|4|4,0|0|0|0|0,2|3|2|3|3|2|2|3|2|0,3|3|3|3|3|3|2|3|3|3,3|3|2|2|3|2|2|3|2|1,3|3|3|2|3|2|3|3|3|1,3|3|3|2|3|2|4|4|3|1,1|2|1|1|1,80K41I53188SE
10|4|4|0,4|4|4|4|4,0|0|0|0|0,4|3|2|1|4|4|4|4|4|1,3|3|3|1|1|3|3|3|3|1,3|3|3|1|4|3|3|3|3|1,3|3|2|1|2|3|3|3|3|1,3|3|3|1|2|3|3|3|3|1,2|2|0|0|0,24J81J46855TN
5|8|7|8,4|4|4|4|4,0|0|0|0|0,4|4|3|3|4|4|4|4|2|1,4|4|3|3|4|3|4|4|3|1,3|3|2|3|3|3|3|3|3|1,4|3|2|3|3|3|3|3|3|1,4|4|3|3|4|4|4|4|3|1,0|2|0|0|0,75M46B38256PA
7|3|7|9,4|4|4|4|4,0|0|0|0|0,3|3|1|1|3|3|3|1|2|1,3|3|2|2|3|3|3|2|3|1,3|3|3|0|3|3|3|3|3|1,4|3|3|2|3|3|4|3|3|1,3|3|3|1|3|3|3|3|3|1,3|4|1|0|1,96A69D32363AG
7|9|10|10,4|4|4|4|4,0|0|0|0|0,4|4|4|3|4|3|4|4|3|0,4|4|4|4|4|4|4|4|3|0,4|4|4|3|4|4|4|4|3|0,4|4|4|3|4|4|4|4|3|0,4|4|4|3|4|4|4|4|3|0,1|3|0|0|0,92U91Q93786FO
4|5|4|4,4|4|4|4|4,0|0|0|0|0,3|3|4|2|3|3|4|3|2|0,3|3|3|2|3|3|3|3|2|1,3|3|3|2|3|3|4|3|1|1,3|3|3|2|3|3|4|4|1|1,3|3|3|2|3|3|3|3|2|1,0|2|1|1|1,91X75W89915CV
10|9|8|8,4|4|4|4|4,0|0|0|0|0,4|4|3|4|4|4|4|4|1|1,3|2|3|4|4|4|4|3|2|1,3|2|2|3|3|3|4|3|2|1,4|3|3|1|3|4|3|4|2|1,4|4|3|2|4|4|4|4|2|1,0|0|2|4|0,68G80H12867EG
6|6,4|4|4,0|0|0,3|3|3|2|3|3|3|3|3|1,4|3|3|1|3|3|3|3|3|1,3|3|2|1|3|3|3|3|2|1,,,4|0|1,97S21Q11133FC
9|8|10|9,4|4|4|4|4,0|0|0|0|0,3|4|4|3|4|3|4|4|3|0,4|4|4|3|3|3|3|4|3|0,3|4|3|3|3|3|3|4|3|0,4|4|4|4|4|4|4|4|4|0,4|4|4|4|4|4|4|4|4|0,2|4|0|0|0,55B56S13542RI
7|8|5|6,4|4|4|4|3,0|0|0|0|0,3|4|4|3|3|2|4|4|3|1,4|4|3|2|3|2|4|4|3|1,4|3|4|3|4|2|4|4|3|1,4|4|4|2|3|2|3|4|3|1,4|4|3|3|3|2|4|3|3|1,4|1|0|3|1,52Z39P53026PV
7|8|7|8,4|4|4|4|4,0|0|0|0|0,4|3|4|4|4|4|4|4|3|0,4|3|4|4|4|3|4|4|3|2,4|4|3|3|4|3|4|4|3|1,3|3|4|3|4|3|4|4|3|2,3|4|4|3|4|4|4|4|4|2,4|0|1|1|1,45R45W74109HY
8|8|9|8,4|4|4|4|4,0|0|0|0|0,3|4|3|3|4|3|4|4|1|0,3|3|3|2|4|4|4|4|1|0,3|3|3|4|2|3|3|3|1|0,4|4|3|3|4|4|4|4|1|0,3|3|3|3|4|4|4|4|1|1,4|4|1|0|1,29M97E20132RD
7|4|7|6,4|4|4|4|4,0|0|0|0|0,3|4|2|3|4|3|3|4|3|0,3|3|3|1|4|3|3|4|3|1,3|3|4|2|3|3|2|3|3|1,4|3|3|2|3|3|4|3|3|1,4|4|3|3|3|3|4|4|3|1,4|1|0|0|0,28Q98I88897XM
6|5|5|6,4|4|4|4|4,0|0|0|0|0,4|4|4|3|4|3|4|4|2|0,4|2|3|3|3|3|3|3|2|1,3|3|3|3|3|3|3|3|2|1,3|3|3|3|3|3|3|3|2|1,3|3|2|2|3|3|3|3|2|1,4|4|1|1|1,54J99Y98708XC
8|7|6|9,4|4|4|4|4,0|0|0|0|0,3|3|2|3|3|2|3|3|2|1,4|4|3|3|4|3|3|4|2|2,3|4|2|1|3|3|4|3|1|2,3|4|3|2|3|3|3|3|4|2,3|3|2|2|3|3|3|3|1|2,1|4|3|3|3,39B53M62912SV
8|8|7|9,4|4|4|4|4,0|0|0|0|0,4|3|3|3|4|3|4|3|3|2,4|3|3|2|4|4|4|4|3|2,3|3|2|2|3|3|3|4|2|2,3|3|3|2|3|4|3|3|2|2,3|3|3|2|3|3|4|3|2|2,4|1|0|1|2,58R10W67940EI
10|5|5|3,4|4|4|3|4,0|0|0|0|0,4|4|4|4|4|4|4|4|1|0,3|3|3|2|1|3|3|3|0|0,4|4|1|3|3|4|4|4|3|0,3|3|3|3|3|3|3|3|1|0,4|4|3|1|3|3|3|3|1|0,2|1|0|1|4,69F49K34396SW
10|8|8|10,4|4|4|4|4,0|0|0|0|0,4|4|3|0|4|4|4|4|3|1,4|4|4|0|4|4|4|3|2|1,4|4|3|2|4|4|4|4|2|1,3|4|3|2|4|3|4|4|2|1,4|4|4|2|4|4|4|4|3|1,4|4|0|1|0,52W55W24741MQ
7|7|6|7,4|4|4|4|4,0|0|0|0|0,4|4|4|3|4|4|4|4|2|1,4|4|4|4|4|4|4|4|3|1,4|4|4|4|4|4|4|4|3|1,4|4|4|4|4|4|4|4|4|1,4|4|4|4|4|4|4|4|4|1,1|0|0|0|0,98U55R48251OK
8|8|3|7,4|4|4|4|4,0|0|0|0|0,3|4|3|3|4|4|4|3|3|1,3|3|4|2|3|4|4|4|4|1,3|3|2|2|3|3|4|3|3|1,2|4|3|3|3|2|3|3|3|1,3|2|2|3|3|3|3|3|3|1,4|3|0|0|0,46P66D46285CE
4|7|3,4|4|4|4,0|0|0,3|3|3|3|4|3|4|4|3|0,4|3|3|2|3|3|4|3|3|0,3|3|4|2|3|3|3|3|3|0,3|3|2|2|3,,4|4|0,28J68V24262IS
10|8|6|5,4|4|4|4|4,0|0|0|0|0,4|0|4|3|4|4|4|4|3|1,4|4|3|3|4|4|4|4|3|1,4|4|4|4|3|3|4|4|3|1,4|4|4|4|4|4|3|4|3|1,4|4|3|4|4|4|4|2|3|1,1|1|4|0|4,83F14T44795MI
5|4|0|0,4|4|4|4|4,0|0|0|0|0,3|2|1|0|2|1|3|3|1|1,3|2|1|0|2|1|3|2|0|1,2|1|1|0|1|3|2|3|0|1,3|2|1|1|1|1|3|2|1|1,3|1|0|0|0|0|3|3|0|2,2|3|0|0|0,11E91X95895MU
3|4|3|5,4|4|4|4|4,0|0|0|0|0,3|4|2|3|3|3|3|4|2|1,3|3|2|2|3|2|4|4|2|1,3|3|2|3|3|2|3|3|3|1,4|3|3|3|2|4|4|3|2|1,3|3|3|3|2|3|3|4|2|1,1|2|1|0|0,35A40E30588DS
7|7|7|6,4|4|4|4|3,0|0|0|0|0,2|4|2|3|3|3|3|4|3|0,3|3|4|3|4|2|3|4|2|1,4|4|3|3|4|3|4|4|3|1,3|4|3|2|4|3|3|4|3|1,4|4|2|2|3|2|3|3|3|1,2|2|0|0|1,29N69D45808RR
8|5|10|10,4|4|4|4|4,0|0|0|0|0,3|3|1|3|3|2|1|4|1|0,4|2|3|4|3|3|4|4|2|1,3|2|3|3|3|3|4|4|2|1,4|4|3|3|3|3|4|4|2|1,3|3|2|3|3|3|3|2|2|1,4|2|1|1|1,46B30S77658ZR
,4,0,3|3|4|3|3|4|4|4|1|2,,,,,2,40N11M90836TX
7|3|7|6,4|4|4|4|4,0|0|0|0|0,3|3|3|2|3|3|3|3|2|2,4|4|4|2|4|3|4|4|2|2,4|4|4|2|4|4|4|4|2|2,4|4|4|2|4|4|4|4|2|2,3|3|3|2|3|3|3|3|2|2,1|3|0|0|1,24V48R69533GA
3,4|4,0,3|3|2|2|3|3|3|3|2|2,3|2|3|3|4,,,,1,54M43U52591OO
5|6|5|7,4|4|4|4|4,0|0|0|0|0,3|3|3|2|3|4|4|4|1|1,3|2|3|1|3|3|3|3|1|1,3|3|2|2|3|3|3|3|3|1,3|2|3|2|3|4|3|2|1|1,3|4|3|2|3|3|3|3|2|1,4|1|0|0|0,22A19P31456GI
5|9|8|8,4|4|4|4|4,3|0|2|0|0,4|3|3|3|3|4|4|4|4|0,4|4|4|4|4|3|3|4|3|0,4|3|1|3|4|4|4|4|4|1,4|4|3|3|4|4|4|4|3|1,4|4|4|2|4|4|4|4|3|1,3|0|0|0|0,25R66I80185HQ
6|1|6|6,4|4|4|4|4,0|0|0|0|0,4|3|3|2|2|2|4|4|2|1,4|4|3|2|3|4|4|4|4|0,4|4|2|2|2|3|4|2|3|1,3|3|2|2|2|3|3|3|3|1,3|4|3|2|2|3|4|3|4|1,4|0|0|1|2,42Z17X53156DV
6|7|7,4|4|4|4,2|0|0|0,4|3|3|2|3|2|3|3|2|0,3|3|2|2|4|2|3|4|1|0,4|4|2|2|3|3|3|4|1|0,4|4|3|3|3|3|3|4|2|2,,3|0|0|0,21T20L12887ZZ
8|6|8|0,4|4|4|4|4,0|0|0|0|0,4|4|3|4|4|3|3|3|3|1,3|4|4|3|4|3|3|4|3|1,4|3|4|3|4|4|4|4|3|2,4|3|3|3|3|3|3|4|3|2,3|3|3|2|3|3|3|3|3|2,0|3|0|4|3,21T22K12542OW
10|10|10|10,4|4|4|4|4,0|0|0|0|0,4|3|4|3|4|4|4|4|3|0,4|4|4|4|4|4|4|4|3|0,4|4|4|4|4|4|4|4|3|1,4|4|4|4|4|4|4|4|3|1,4|4|4|4|4|4|4|4|4|2,1|0|0|0|0,65U42Q10982XI
6|5|5|6,4|4|4|4|4,0|0|0|0|0,3|3|3|2|3|3|3|4|2|1,3|3|3|2|3|3|4|3|2|1,3|3|3|2|3|3|3|4|2|1,3|3|3|2|3|3|3|3|2|1,3|4|3|2|3|3|4|4|2|1,2|0|3|3|3,44Q90A57080OW
5|5|6|7,4|4|4|4|4,0|0|0|0|0,3|2|3|3|3|3|4|3|2|0,3|3|2|3|3|3|3|3|2|1,3|3|4|3|3|2|3|3|2|1,3|3|4|3|3|3|3|3|3|0,4|2|3|3|3|3|3|2|3|0,0|0|1|1|4,98E26J31367SC
8|6|6|7,4|3|4|4|4,0|0|0|0|0,3|3|2|2|3|4|3|3|3|1,3|3|1|1|3|3|3|3|2|1,4|3|1|2|3|3|3|3|2|1,3|3|2|2|3|3|3|3|2|1,3|3|3|2|3|3|3|3|3|1,0|0|0|0|0,41H92A89169WY
10|3|4|6,4|4|4|4|4,0|0|0|0|0,4|3|4|2|3|3|4|4|2|0,4|3|3|0|3|4|4|4|2|0,3|3|4|1|3|2|3|3|2|0,3|4|1|1|2|3|4|3|2|0,3|3|3|1|2|2|3|3|2|0,3|2|1|0|1,59C93F68920DW
1|2|6|3,4|3|3|3|3,0|1|1|1|1,3|3|1|1|1|1|1|3|3|2,3|2|1|1|2|1|2|3|2|1,3|2|1|1|3|3|3|3|2|1,3|2|1|1|1|2|2|3|2|1,2|2|1|1|1|1|2|3|2|1,4|2|1|1|1,15K39I70412CA
6|5|7,1|0|4|4,0|0|0|0,3|2|1|2|3|3|3|3|2|1,3|2|3|3|3|3|3|3|2|1,3|2|2|3|3|3|3|3|3|1,3|3|2|3|2|3|3|3|2|1,,3|4|1|1,89J51R60606AC
7|7|7|5,4|4|4|4|4,0|0|0|0|0,3|3|3|4|3|3|3|3|2|0,3|4|3|3|3|3|4|3|2|1,3|3|2|3|2|3|3|3|2|1,3|3|2|3|3|3|3|3|2|1,2|3|3|3|3|2|3|3|2|1,4|4|1|1|1,63E59T18865CY
8|9|7|8,4|4|4|4|4,0|0|0|0|0,4|4|4|2|4|4|4|4|3|1,4|4|4|2|4|4|4|4|3|1,4|4|4|3|4|4|4|4|3|2,3|4|4|3|4|3|4|4|3|2,4|4|3|3|3|3|3|3|3|2,4|3|0|0|0,48E48N27428PL
5|7|8|7,4|4|3|4|4,0|0|0|0|0,3|3|3|2|3|4|4|3|2|0,3|3|3|2|2|3|2|2|4|0,3|3|4|3|4|4|3|3|4|0,3|3|4|3|3|3|4|3|2|0,3|4|2|2|3|2|3|3|3|3,3|4|0|0|0,43W28K97962EB
6|4|6|3,4|4|4|4|4,0|0|0|0|0,3|4|3|1|2|3|4|3|1|1,3|3|1|1|3|2|3|3|2|1,4|3|2|2|3|3|4|2|0|1,3|4|2|1|3|4|3|1|1|1,4|3|2|1|4|4|4|3|2|1,3|4|0|0|0,67P75L43229CB
5|5,4|4|4,0|0|0,4|3|1|2|3|3|4|4|2|1,4|3|1|1|3|3|4|3|2|1,3|3|1|3|3|1|4|3|2|1,,,2|4|1,18C43P74164XK
6|3|4|4,4|4|4|4|4,0|0|0|0|0,4|4|4|4|4|4|4|2|2|1,4|1|4|2|1|4|4|2|2|1,4|2|4|1|3|4|4|2|2|1,4|4|4|2|3|4|4|2|2|1,4|4|4|2|4|4|4|2|2|1,0|4|0|0|0,69T53W97982DO
3|3|0|1,4|4|4|4|4,0|0|0|0|0,3|1|2|0|2|1|3|2|2|1,3|3|2|1|2|1|3|3|1|1,3|3|2|0|2|1|3|3|1|1,3|0|1|0|1|2|2|1|2|1,1|1|2|1|2|1|2|3|1|1,1|3|1|1|1,29E47C68443VC
7|5,3|4|0,0|0|0,3|3|3|0|3|3|3|3|3|1,3|3|2|1|3|2|3|3|3|1,3|2|3|3|3|3|3|3|3|1,,,3|3|1,45M79V37704NL
4|4,4|4|4,0|0|0,3|2|3|3|2|3|3|3|1|0,3|2|4|3|2|3|3|3|1|0,4|3|4|3|3|3|4|3|1|0,,,4|3|0,41A19R92246QF
5|0|0|0,4|4|4|4|4,0|0|0|0|0,3|1|3|1|2|2|2|2|2|0,2|3|3|1|2|2|1|3|2|1,2|1|1|1|3|2|3|2|2|1,2|3|3|1|2|1|2|3|2|0,2|2|2|2|2|1|2|2|2|0,3|1|3|3|3,85R99E12084HD
10|10|10|10,4|4|4|4|4,0|0|0|0|0,4|3|4|3|3|4|4|4|3|2,4|4|4|4|4|4|4|4|3|1,4|4|4|4|4|4|4|4|4|2,4|4|4|4|4|4|4|4|4|1,4|4|4|4|4|4|4|4|4|2,4|1|0|0|0,23L65K42749OF
3|8|10|6,4|4|4|4|4,0|0|0|0|0,3|4|2|3|3|3|3|3|3|0,3|3|3|3|4|3|3|4|4|1,4|3|3|2|4|3|3|3|4|1,4|4|3|2|3|3|3|3|4|1,4|4|3|2|3|3|3|3|4|1,4|3|1|3|3,79O10Q48182HJ
0|3|0|0,4|4|4|4|4,0|0|0|0|0,3|3|3|2|1|1|4|3|1|1,3|3|3|1|1|1|3|3|1|1,3|2|3|1|3|3|4|3|1|1,3|3|1|1|2|1|3|3|1|1,3|1|1|1|2|3|3|2|1|1,4|1|3|3|3,20R87M14720GC
7|7|10|7,4|4|4|4|4,0|0|0|0|0,4|4|4|4|3|3|4|4|4|0,4|4|3|2|4|4|3|3|4|1,4|4|4|3|3|4|4|3|4|1,4|4|3|3|3|4|4|3|4|1,4|3|4|3|3|3|4|3|4|1,0|1|0|0|0,31E48L89964JX
3|5|7|5,4|4|4|4|3,0|0|0|0|1,3|3|1|2|3|2|3|3|2|0,3|3|1|3|3|2|3|3|2|0,3|3|3|3|3|2|3|3|2|0,2|3|3|3|1|2|2|3|2|0,3|3|3|3|3|2|2|3|2|0,0|3|1|1|1,96J23W12140RX
10|7|2|8,4|4|4|4|4,0|0|0|0|0,4|4|4|4|3|4|3|4|3|1,4|4|4|4|4|4|4|4|3|1,4|4|4|4|3|4|4|4|3|1,4|4|4|4|4|4|4|4|3|1,4|4|4|4|4|4|4|4|3|1,4|1|0|0|0,18A15D60113YC
5|7|1|0,4|4|4|4|4,0|0|0|0|0,4|4|4|4|3|3|3|4|3|1,3|3|3|3|3|3|4|3|2|2,3|3|3|3|3|2|3|3|2|1,3|3|2|3|1|2|3|3|3|0,3|3|2|3|1|2|3|1|2|0,2|0|0|0|0,90D47N44482ZG
7|8|9|7,0|4|4|4|4,0|0|0|0|0,4|4|4|2|4|3|4|4|3|1,4|3|3|3|2|4|4|3|3|1,4|4|4|3|3|4|4|4|4|1,4|4|4|3|3|4|4|3|3|1,4|4|4|4|3|4|4|4|4|2,3|2|1|0|1,19G98C51472ET
9|9|9|9,4|4|4|4|4,0|0|0|0|0,3|4|3|1|4|4|4|4|3|0,3|4|3|1|4|3|4|4|3|0,3|4|3|1|3|3|4|4|3|0,4|4|3|1|4|4|4|4|3|0,4|4|3|1|4|4|3|4|3|0,3|4|0|0|0,26R94Z78761JR
7|6|6|5,4|4|4|4|4,0|0|0|0|0,4|4|3|4|4|4|4|4|3|1,3|3|3|3|2|3|3|3|3|1,4|2|3|3|3|3|4|3|3|1,3|3|3|3|3|4|4|3|3|1,3|3|3|4|3|3|4|3|3|1,0|0|0|2|2,67S45B82031LP
6|6|6|8,4|4|4|4|4,0|0|0|0|0,2|2|3|3|3|3|3|3|3|1,3|3|2|2|3|3|3|3|3|1,3|3|2|2|3|2|3|3|3|1,3|3|2|3|3|2|3|3|3|2,3|3|3|3|3|2|3|3|3|2,1|4|1|1|1,68I60K39817QN
3|3|2|4,4|4|4|4|4,0|0|0|0|0,3|4|3|1|3|3|3|3|3|1,4|4|3|1|3|4|4|3|3|1,4|3|3|2|3|3|3|3|3|1,3|3|3|2|3|3|3|4|3|1,4|3|3|3|3|3|3|3|3|1,1|2|0|0|0,25E69T21031RE
7|0|5|4,3|4|4|4|4,0|0|0|0|0,3|2|3|1|3|3|3|3|3|0,3|3|3|1|1|2|1|3|2|0,3|3|3|2|3|2|4|3|2|1,4|4|4|3|3|3|3|3|2|1,3|2|3|2|3|3|3|2|1|1,2|4|2|1|1,89V28V12968DE
8|6,4|4|4,0|0|0,4|4|4|1|3|4|4|3|3|1,4|3|1|2|3|2|3|3|2|1,3|3|1|3|3|2|3|3|2|1,,,0|4|1,42H72D68510RK
2|0|1|1,4|4|4|4|4,0|0|0|0|0,2|3|2|2|3|2|3|3|2|1,3|3|2|2|3|2|2|3|2|1,3|1|1|3|2|2|3|3|3|1,3|3|1|2|2|3|3|3|3|1,2|3|1|2|2|2|3|2|3|1,4|0|0|0|0,30I96X83463EA
10|9|9|10,4|4|4|4|4,0|0|0|0|0,3|3|2|3|4|4|4|4|3|2,4|3|3|3|4|4|4|4|3|2,4|3|3|4|3|4|4|4|3|2,4|4|4|3|3|4|4|4|3|2,3|4|3|3|4|3|3|4|3|3,0|3|4|4|0,46R55B92289NC
4|3|7|8,4|4|0|1|3,1|1|0|0|0,3|3|3|1|3|3|3|3|1|1,2|3|2|1|3|3|3|3|1|1,3|3|3|0|3|3|3|3|3|1,3|3|3|1|3|3|3|3|3|1,3|3|3|0|3|3|3|3|3|1,0|1|3|3|3,46F56A31181VL
7|8|8|8,4|4|4|4|4,0|0|0|0|0,4|4|4|4|4|4|4|4|3|1,4|4|3|1|4|4|4|4|3|1,4|4|3|2|3|3|4|4|3|1,4|4|4|2|4|3|3|4|3|1,4|4|3|2|3|4|4|4|3|1,0|2|3|4|3,76O68Q55027YP
7|7|9|8,3|4|4|4|4,0|0|0|0|0,3|3|2|1|3|3|4|3|0|1,3|3|3|1|4|3|3|4|1|1,3|3|3|1|3|2|4|4|0|1,3|4|3|1|4|4|4|4|1|1,3|3|2|1|4|4|3|3|1|1,3|3|3|4|1,53P55W61831QW
4|9|4|3,4|4|4|4|4,0|0|0|0|0,4|4|3|1|4|4|4|4|0|1,4|4|3|0|3|4|4|3|0|1,4|4|1|1|4|4|4|4|1|1,3|3|3|1|3|4|4|3|0|1,4|4|3|0|3|4|3|3|1|1,1|3|4|1|4,18K95U69053IX
7|8|6|8,4|4|4|4|0,0|0|0|0|0,4|3|2|1|3|3|4|4|4|1,3|3|3|2|4|3|4|4|4|1,4|4|3|2|4|3|4|4|4|1,4|3|3|2|4|4|4|4|4|1,4|4|3|2|3|4|3|4|4|1,3|3|4|4|4,71Q13F73992HT
8|6|8|9,4|4|4|4|4,0|0|0|4|0,4|4|3|2|3|3|3|4|3|0,4|3|3|3|3|3|3|3|3|1,4|4|3|2|3|3|2|4|4|0,4|4|4|3|3|4|3|4|4|1,4|4|4|4|3|4|4|3|4|1,0|3|4|4|0,85Q21X54603XL
5|7|5|1,4|4|4|4|4,0|0|0|0|0,3|3|2|1|4|4|4|3|2|0,3|4|1|3|4|3|3|4|4|0,3|4|1|1|3|4|3|4|3|0,1|3|1|1|1|0|1|3|3|0,4|3|1|1|3|3|4|4|3|0,4|3|0|1|0,67L20J48800FY
8|8|7|9,4|4|4|4|4,0|0|0|0|0,4|4|3|2|3|3|3|3|3|0,4|1|2|1|4|4|3|3|3|1,4|4|4|1|4|4|4|4|3|1,4|4|3|1|4|4|4|4|3|1,4|4|3|2|4|4|4|4|3|2,4|3|0|0|0,91J41Q67807JL
8|10|10|10,4|4|4|0|4,0|0|0|0|0,3|4|4|3|4|3|4|4|3|1,3|4|4|4|4|4|3|3|3|1,4|4|4|4|4|4|4|4|4|1,4|4|4|4|4|4|4|4|4|1,4|4|4|3|3|4|4|4|3|1,0|0|0|0|4,47W23V62525YP
6|4|1|5,4|4|4|4|4,0|0|0|0|0,3|3|2|2|3|4|4|3|2|1,3|3|1|2|1|3|3|3|2|1,3|3|1|1|1|2|3|3|1|1,2|1|1|1|1|2|2|1|1|1,4|3|2|1|3|4|3|4|2|1,3|3|1|1|4,52B86I34791UM
6|3,3|4|4,0|0|0,3|3|2|3|3|3|3|3|2|1,3|3|2|3|3|2|3|3|1|1,3|3|2|3|3|2|3|3|3|1,,,0|4|1,30R61H79274CR
6|9|10|8,4|4|4|4|4,0|0|0|0|0,3|3|3|2|3|3|3|3|3|1,4|4|3|2|4|3|4|4|3|1,3|3|3|2|3|3|4|4|3|1,4|4|3|2|4|4|4|4|3|2,3|4|3|2|3|3|3|4|3|2,2|0|1|0|0,90F65A59293KO
3,4|4,0|0,4|3|3|3|4|4|4|4|3|2,3|3|4|4|3|4|4|3|2|2,,,,3|0,24D83M85301QI
7|6|0|8,4|4|4|4|4,0|0|0|0|0,4|4|4|4|3|3|4|4|3|0,3|3|3|3|3|3|3|4|2|0,3|3|3|3|2|3|3|3|1|0,3|3|3|3|3|3|3|2|1|0,3|3|3|3|3|3|3|4|2|0,3|0|1|1|0,19W68K12052SH
5|1|0|5,4|4|4|4|4,0|0|0|0|0,3|3|2|1|2|3|3|2|2|1,1|2|1|1|1|2|1|2|2|0,3|2|2|1|3|3|3|3|2|0,3|2|1|1|1|2|3|2|2|0,3|2|2|1|1|3|3|2|2|0,3|4|3|3|3,69K69D72794FL
0|3|0|4,4|3|4|3|3,0|0|0|0|0,3|3|3|2|3|3|3|3|1|0,3|3|3|1|1|3|3|3|1|0,4|4|4|1|3|3|3|3|1|0,3|3|3|1|3|3|3|3|1|0,3|3|3|1|2|3|3|3|1|0,0|2|0|0|0,56E66K95241GD
4|0|0|0,4|4|3|3|3,0|1|0|1|1,3|3|3|2|3|2|3|3|3|2,4|3|3|2|3|3|3|2|3|2,3|3|1|1|2|2|2|3|3|2,3|3|2|1|2|3|3|2|3|2,3|2|2|1|3|3|3|2|3|2,2|0|1|1|1,51M50H26584TK
5|6|3|0,4|4|4|4|4,0|0|0|0|0,3|3|2|1|1|2|3|3|2|1,3|4|3|1|3|2|3|4|2|1,3|2|2|1|2|2|3|3|2|1,1|3|2|1|1|1|1|3|3|1,2|4|2|1|1|1|2|3|3|4,4|0|1|1|1,24R50D53124EH
4|7|8,3|3|3|4,1|1|0|0,3|3|3|1|3|3|4|3|1|1,4|3|4|2|3|4|4|3|1|1,4|4|4|3|4|4|4|4|1|1,4|4|4|3|4|4|4|4|2|1,,2|2|0|0,18Q14V67787UP
8|5|10|10,4|4|4|4|4,0|0|0|0|0,4|4|4|4|4|4|4|4|3|2,4|4|3|3|4|4|4|4|4|2,4|4|3|4|4|4|4|4|3|2,4|4|3|4|4|4|4|4|3|2,4|4|3|4|4|4|4|4|3|2,1|4|0|0|0,28E72F58553MD
1|7|7|8,3|4|3|3|3,1|0|1|1|1,3|3|3|3|3|3|3|3|3|1,3|3|3|3|3|3|3|3|3|1,3|3|3|3|3|3|3|3|3|1,3|3|3|3|3|3|3|3|3|1,3|3|3|3|3|3|3|3|3|1,3|0|0|0|0,19J36E61027ZU
7|7|7|7,4|4|4|4|4,0|0|0|0|0,3|3|3|3|4|4|4|4|3|1,3|3|3|3|3|3|4|3|2|1,4|4|4|4|4|4|4|4|3|1,3|4|3|3|4|4|4|4|3|1,3|3|4|3|3|4|4|4|3|1,3|0|0|1|1,25B68K82356VC
6,4|4,0,3|3|3|1|3|3|4|4|1|0,3|4|3|1|4|3|4,,,,4,56R55C18780NP
0|3|0,4|3|4|4,0|0|0|0,4|4|3|1|3|2|4|4|1|2,4|3|2|2|1|1|3|3|1|1,4|4|4|1|0|1|4|4|1|1,2|2|2|0|0|0|3|3|2|1,,2|2|0|1,70I31F80415PU
7|6|2|2,4|4|4|4|4,0|0|0|0|0,3|3|3|3|3|3|4|3|1|1,3|3|3|3|4|3|3|3|1|1,3|3|1|3|3|3|3|3|1|1,3|3|3|3|3|3|4|4|1|1,2|3|2|2|3|3|3|3|1|1,1|0|0|1|0,58I84R44012VH
6|3,4|4|0,0|0|3,4|3|2|3|3|3|3|3|1|1,3|3|3|3|3|3|3|3|3|1,3|3|3|3|3|3|3|3|3|1,,,1|1|1,82E38K41447ZW
6|1|3|1,4|4|4|4|4,0|0|0|0|0,3|3|3|2|3|4|3|3|1|1,4|3|4|2|3|3|4|3|2|1,4|3|2|2|4|3|3|3|3|1,3|2|3|3|3|3|3|3|3|1,4|2|2|2|3|3|3|3|2|1,3|4|4|1|4,39C13L11063QR
7|9|9|10,4|4|4|4|4,0|0|0|0|0,4|4|3|4|4|4|4|4|4|1,4|3|4|3|4|3|4|4|4|1,4|4|4|3|4|3|4|4|4|1,4|4|4|4|4|4|4|4|4|1,4|4|4|4|4|4|4|4|4|1,1|0|0|0|0,62V81P46204GJ
2|6|3|3,4|4|4|4|4,0|0|0|0|0,3|3|3|1|3|3|3|3|3|1,3|4|3|3|3|3|3|3|3|1,3|3|3|2|3|3|3|3|3|1,3|3|3|2|3|3|3|3|3|1,3|3|3|2|3|3|3|3|3|1,4|3|0|0|0,62O66K43461JR
7|5|8|5,4|4|4|4|4,0|0|0|0|0,3|3|2|2|3|2|3|3|2|1,3|3|2|2|3|3|3|3|2|1,4|4|2|2|3|2|3|3|3|1,3|3|2|2|3|3|4|4|4|3,4|3|2|2|4|3|4|4|3|2,4|2|1|1|0,71T55V58856ZD
2|0|0|1,4|4|4|4|4,0|0|0|0|0,4|4|3|3|2|2|4|3|3|0,2|3|1|2|1|1|3|3|1|0,1|2|1|1|0|1|2|3|1|0,2|3|1|0|1|1|3|3|1|0,3|3|2|1|2|1|3|3|1|0,1|1|3|3|3,73F71K97729KV
5|5|7|5,4|4|4|4|4,0|0|0|0|0,3|3|3|3|3|2|3|3|2|0,4|1|4|3|3|3|3|3|3|0,3|3|3|4|3|4|3|3|2|0,3|3|3|4|3|2|3|4|2|0,3|3|3|4|3|2|3|3|2|0,0|1|0|0|0,58I81G89092ZS
5|1|0|5,4|4|4|4|4,0|0|0|0|0,3|4|3|2|3|1|4|4|2|0,3|3|2|1|2|1|3|3|1|0,2|1|1|0|1|0|2|3|1|0,3|3|1|1|2|1|3|3|1|0,3|3|2|1|3|2|3|3|1|1,3|4|3|3|3,79N45H82517WU
6,4|4,0|0,3|2|2|3|3|2|4|3|3|1,3|3|2|3|2|2|3|3|3|1,,,,2|4,60L19P91028CK
7|7|9|8,4|4|4|4|4,0|0|0|0|0,4|3|3|4|3|3|4|3|3|0,4|4|3|3|3|3|3|4|3|0,4|4|4|3|4|4|4|4|3|0,4|4|3|3|4|4|4|4|3|1,4|3|4|4|4|4|3|3|3|1,3|0|4|4|4,13F72I23076MV
6|5|5|2,3|4|4|4|4,0|0|0|0|0,3|3|3|2|4|3|3|4|1|2,4|3|3|2|3|3|3|4|2|2,3|4|3|2|3|4|4|4|2|2,3|3|3|2|3|4|4|3|2|2,3|3|2|1|3|3|3|4|2|1,4|4|3|3|3,20Z11N74700VU
1|0|0,4|4|4|4,0|0|0|0,3|3|1|3|3|4|4|3|2|1,2|4|0|3|2|2|3|3|2|0,2|1|0|2|2|2|3|3|1|0,4|4|0|3|2|2|3|3|2|0,,3|1|0|0,38Z84A84211YT
5|8|4|7,4|4|4|4|4,0|0|0|0|0,3|3|1|2|3|3|3|3|2|1,4|3|4|2|4|4|4|4|3|1,4|4|4|2|4|4|4|4|3|1,3|3|3|2|4|4|4|4|2|1,4|4|3|2|4|4|4|4|3|1,0|2|4|1|4,14A97W18954IY
,4,0,3|3|3|3|2|3|3|3|1|0,,,,,3,39Y21D52705QZ
3|5|6|5,4|4|4|4|4,0|0|0|0|0,3|1|2|1|3|3|3|3|3|0,3|1|1|1|3|3|3|3|2|1,3|1|1|1|3|3|3|3|2|1,3|3|2|3|3|3|3|3|2|1,3|3|3|2|3|3|3|3|2|1,4|2|1|1|1,61N96T13357DD
6|7|5|5,4|4|4|4|4,0|0|0|0|0,4|3|3|3|2|3|4|4|3|0,4|3|3|4|3|3|4|3|3|1,3|2|2|3|3|3|3|3|3|1,4|4|3|4|3|3|4|4|3|1,4|4|4|4|4|3|4|4|3|1,2|2|1|4|0,15G81V44139LL
8|4|8|7,4|4|4|4|4,0|0|0|0|0,3|4|2|1|3|3|3|3|1|0,3|4|3|1|3|3|3|4|1|1,3|3|3|1|3|3|4|4|1|1,3|4|3|1|4|3|4|4|1|1,3|2|3|1|2|2|3|2|1|1,2|3|3|4|3,33R53Z77738OT
6|4|5|6,4|4|4|3|4,0|0|0|0,3|4|3|1|3|3|3|3|2|0,3|4|2|2|3|3|3|3|2|0,3|3|2|1|3|2|3|3|2|1,3|3|2|1|3|3|3|3|1|1,3|4|3|1|3|2|3,2|3|1|1,73V67D21417UF
1|3|1|1,4|4|4|4|4,0|0|0|0|0,3|4|3|2|3|4|3|3|2|1,3|3|2|3|2|3|4|2|2|1,3|3|2|3|3|4|3|3|3|1,3|2|2|3|3|3|4|3|2|1,3|3|2|3|3|3|3|3|3|1,2|4|1|1|1,98D63K58378MJ
4,3|4,0|0,3|3|3|2|4|4|4|4|3|1,3|3|2|2|3|3|4|3|3|1,,,,3|0,82A36G98237DY
5|5|6|7,4|4|2|4|4,0|0|0|0|0,3|3|3|2|2|3|3|1|2|1,3|3|2|2|3|3|3|3|2|1,2|2|2|2|2|3|1|2|2|1,3|2|2|2|3|3|3|3|1|1,3|2|3|2|2|3|3|3|2|1,1|2|1|1|1,42R98J14108NE
5|0|0|5,3|3|3|3|3,1|1|1|1|1,3|3|3|1|3|3|3|3|1|1,1|3|1|1|1|1|1|3|1|1,0|3|1|1|0|0|0|3|1|1,3|3|3|1|3|3|3|3|1|1,3|3|3|1|3|3|3|3|1|1,1|2|3|3|3,26Y22K65098LD
4|0|4|6,4|4|4|4|4,0|0|0|0|0,3|4|2|2|2|3|3|3|3|1,4|4|3|3|2|4|4|4|2|0,3|4|2|2|3|3|4|4|3|1,3|4|3|3|3|3|3|3|2|1,3|4|3|3|3|3|3|3|3|1,4|4|0|0|0,93N66J49239XL
0|0,4|4|4,0|0|0,3|2|1|1|2|3|3|2|3|1,3|2|0|2|1|1|2|3|3|1,3|3|1|3|3|3|3|3|3|0,,,2|4|1,22J57D49378HP
2|0|5|5,4|4|4|4|4,0|0|0|0|0,3|3|2|1|3|2|3|3|1|0,3|2|1|0|3|2|3|2|0|0,3|2|3|1|3|1|3|2|0|0,3|2|3|1|3|2|3|3|0|0,4|3|3|0|2|2|4|4|0|0,4|3|1|1|4,54S98R29490ZY
1|0|0|2,4|4|4|4|4,0|0|0|0|0,4|0|3|1|1|3|3|1|0|0,4|1|3|0|3|2|3|3|0|0,3|3|2|0|1|0|4|2|0|0,1|3|3|0|0|0|1|3|0|0,4|0|3|0|0|3|3|2|0|0,2|2|2|1|1,10H17D31773AA
4|7|3|5,4|4|3|4|4,0|0|0|0|0,3|3|2|2|2|2|3|3|1|0,3|3|3|2|2|3|3|2|1|0,2|2|2|2|2|2|2|2|2|0,3|2|2|2|2|2|3|2|2|1,3|2|2|2|2|2|3|2|2|1,4|3|1|1|1,56V34O67163HJ
0,4|4,0|0,3|3|3|1|3|1|4|4|1|1,4|4|1|1|4|3|4|4|4|1,,,,3|2,77X71L40739IJ
3|7|2|8,4|4|4|4|4,0|0|0|0|0,3|3|1|3|2|3|3|3|3|0,3|3|2|1|3|3|3|3|1|1,4|3|2|1|3|3|3|3|3|3,3|3|3|3|3|4|3|3|3|1,3|3|3|3|3|3|3|3|3|2,3|0|3|1|1,86D44Z59570QG
6|5|4|6,4|4|4|4|4,0|0|0|0|0,4|3|1|2|3|4|4|4|1|1,4|2|3|1|3|4|4|4|2|1,4|4|2|2|4|3|4|4|3|1,4|4|2|2|4|3|3|4|2|1,4|4|3|2|3|4|4|4|3|1,2|2|4|0|4,92N53M51216JO
3|6|4|6,4|4|4|4|4,0|0|0|0|0,2|3|3|1|2|1|3|3|1|1,2|3|2|1|2|1|3|4|2|1,3|3|2|1|2|2|3|3|2|1,3|3|4|1|3|2|3|3|1|1,3|3|3|1|2|2|3|3|1|1,3|4|0|0|0,50Q94I80649RO
8,4|4,0|0,3|4|2|0|4|4|4|4|3|2,4|4|3|0|4|3|3|3|3|2,,,,4|2,74X36B98209RE
5,4|4,1|0,4|2|3|3|3|4|3|2|3|0,4|2|3|1|3|3|3|2|3|1,,,,4|2,35M62S14163UG
6|7|9|7,4|4|4|4|4,0|0|0|0|0,3|4|4|1|3|2|3|4|1|0,4|4|3|1|3|1|4|4|1|1,3|3|3|1|4|2|4|4|1|1,2|3|3|1|1|1|2|3|1|1,4|4|3|1|3|1|3|3|1|1,2|4|0|0|0,70A16H19660BT
10,4|4,0|0,3|3|2|2|3|3|3|3|2|0,4|4|4|3|4|3|3|3|3|0,,,,0|4,68H98B59574EY
10|7|10|9,4|4|4|4|4,0|0|0|0|0,4|4|4|3|4|4|4|4|3|0,4|4|4|2|4|4|3|4|2|0,4|4|4|4|3|3|4|4|3|0,4|4|4|3|4|3|4|4|3|1,4|3|4|3|4|3|3|4|3|1,4|1|4|0|0,58A90T81065YH
9|8|5|7,4|4|4|4|4,0|0|0|0|0,3|4|2|3|4|3|4|4|3|1,3|3|2|3|3|1|2|4|3|0,3|3|3|3|4|2|3|4|4|0,2|2|3|3|2|2|2|3|4|0,3|3|3|4|3|2|3|4|4|1,1|0|0|0|0,81F14B16974DZ
9|8,4|4|4,0|0|0,3|4|4|3|4|4|4|4|4|1,4|4|4|2|4|4|4|4|4|1,4|4|4|3|4|4|4|4|3|1,,,3|3|0,71G76F40421SI
4|3|0|8,4|4|4|4|4,0|0|0|0|0,3|3|3|1|3|3|3|3|2|0,1|3|3|1|3|1|3|3|1|0,3|3|3|2|3|2|3|3|1|0,3|3|3|1|3|1|3|3|2|1,3|3|3|1|3|2|3|3|1|1,3|0|1|1|1,20B26G40902GT
5|0|5|3,4|4|4|4|4,0|0|0|0|0,3|3|3|2|4|3|4|4|4|0,3|4|1|2|1|1|2|3|3|0,4|3|2|1|3|3|3|3|3|0,3|3|3|3|2|1|3|4|3|0,3|3|3|2|1|1|3|4|3|0,2|3|0|0|0,78O58X33454AP
7|6|8|5,4|4|4|4|4,0|0|0|0|0,3|3|2|1|4|3|4|2|2|0,3|4|2|2|4|4|4|4|2|1,2|3|2|2|3|2|3|4|2|1,2|2|2|1|4|3|4|2|2|1,4|4|3|2|4|3|4|4|2|1,0|2|0|2|0,49C11Q70460DJ
4|4|4|5,3|4|4|4|4,0|0|0|0|0,3|3|2|3|4|1|3|3|2|1,3|3|1|3|4|2|3|3|1|1,3|3|2|3|3|2|3|3|3|1,3|4|2|3|3|1|4|3|3|1,3|3|2|3|3|2|3|4|2|1,3|1|1|2|0,13H40N65011HQ
4|0|0,4|4|4|4,0|0|0|0,3|3|2|2|2|2|3|3|2|1,2|3|2|2|3|3|3|3|1|1,3|3|2|2|2|3|3|3|1|1,3|3|2|2|2|3|3|3|2|1,,4|4|1|1,36Z43G88921AA
2|0|2,4|4|4|4,0|0|0|0,3|1|0|0|1|1|4|2|0|1,2|3|0|0|1|2|4|2|0|1,3|3|1|0|3|3|3|3|0|0,3|3|3|0|2|3|3|3|0|1,,4|1|0|0,72F40W18658TU
7|4|8|4,4|4|4|4|4,0|0|0|0|0,3|4|2|3|3|4|3|4|1|0,3|3|4|3|3|4|4|3|2|1,3|4|3|4|3|4|4|4|2|1,4|3|3|4|2|3|3|3|1|1,3|4|3|4|3|3|4|3|1|1,0|3|2|4|1,37G61E67852IA
4|6|6|7,3|4|4|3|4,0|0|1|0|0,3|3|3|3|3|3|4|3|3|1,3|4|2|3|3|3|4|4|3|1,3|3|3|4|3|3|4|3|2|2,3|3|3|4|3|3|3|3|3|2,4|4|4|3|4|4|4|3|3|2,1|2|0|0|0,53E85C52175JD
7|1|8|10,4|4|4|4|4,4|0|4|0|0,4|4|3|3|4|3|4|4|3|0,4|3|3|3|3|4|3|4|3|1,3|4|3|4|3|3|4|4|3|1,4|4|4|4|4|4|4|4|3|1,3|3|4|4|4|3|3|4|3|1,2|2|0|0|0,64I61A24779BS
1|0|2|1,4|4|4|4|4,0|0|0|0|0,4|4|4|4|4|4|4|4|3|0,4|3|3|3|4|3|3|3|3|1,4|4|3|1|3|3|3|3|2|1,4|3|3|2|3|3|4|3|3|1,4|2|3|3|3|3|3|3|3|1,2|0|3|3|1,51B76D66151CO
7|7|8|8,4|4|4|4|4,0|0|0|0|0,4|4|3|3|3|4|3|4|3|1,4|4|3|3|3|4|4|4|3|1,3|4|3|3|3|4|3|4|3|1,4|4|4|3|4|3|4|3|3|1,4|3|4|4|4|3|4|2|4|2,4|4|0|0|0,33F39N98066MD
7|7|7|9,4|4|4|4|4,0|0|0|0|0,4|3|3|3|3|3|4|4|3|1,4|3|3|4|4|4|4|4|3|1,4|4|4|3|4|4|4|4|4|1,4|4|4|3|4|4|4|4|4|1,4|4|3|4|4|4|4|4|3|1,0|2|0|0|0,94K69L42689GI
8|10|10|7,4|4|4|4|4,0|0|0|0|0,3|4|4|4|3|4|4|4|4|1,3|3|4|4|4|3|4|4|4|1,3|4|3|4|4|4|3|4|3|2,3|4|4|4|4|4|4|4|3|1,4|4|4|3|4|4|3|4|4|2,0|1|0|0|0,34O14O87898XA
,4,0,2|2|3|3|2|2|3|3|1|0,,,,,1,58V94B35199DF
8|6|4|5,4|4|4|4|4,0|0|0|0|0,4|4|4|3|4|4|4|4|4|1,3|3|3|1|2|1|3|3|3|1,3|3|4|2|3|1|3|3|3|1,3|3|3|2|3|3|3|3|3|1,3|3|3|2|3|3|4|3|3|2,1|1|3|3|3,35M69H13174GS
8|7|9,4|4|4|4,0|0|0|0,3|4|3|3|4|4|4|3|2|0,3|4|4|3|3|3|4|4|3|1,3|3|4|2|3|3|3|4|2|1,4|4|3|3|4|3|4|4|3|1,,3|4|0|0,33B11H74953ZE
5|5|3|0,4|4|4|4|4,0|0|0|0|0,3|3|2|2|2|2|3|3|1|1,4|3|2|2|3|3|3|3|1|1,3|0|2|2|2|3|3|2|2|1,3|2|2|1|2|2|2|3|2|1,3|3|2|1|3|3|3|3|2|1,1|2|1|1|1,87O26V81129QZ
4|4|3|3,4|4|4|4|4,0|0|0|0|0,3|3|2|2|3|3|3|3|1|1,3|3|3|3|2|3|3|3|1|1,4|2|2|1|2|2|3|3|1|1,3|3|2|1|3|3|3|2|1|2,3|2|2|2|2|3|3|3|1|2,0|0|4|0|0,35C78L47498NQ
5|3|7,4|4|4|4,0|0|0|0,4|4|4|0|3|2|3|4|4|1,3|3|3|3|2|1|2|3|4|1,3|3|3|1|3|1|3|3|4|1,3|3|3|1|3|2|3|3|4|1,,2|2|3|3,98D26H74861LY
2|10|10|6,3|3|4|4|3,0|1|1|0|1,3|3|3|1|3|3|3|3|3|0,3|3|3|1|3|3|3|3|3|1,3|3|3|1|3|3|3|3|3|1,3|3|3|1|3|3|3|3|3|1,3|3|3|1|3|3|3|3|3|1,2|4|1|1|1,23Y67N39011GY
6|6|4|3,3|3|4|4|4,1|1|0|0|0,3|3|2|1|2|3|3|3|1|1,3|2|1|1|2|1|3|2|1|1,3|3|4|1|3|4|4|3|2|1,3|3|1|1|1|1|2|1|1|1,3|3|1|1|3|1|3|1|1|1,4|2|0|0|0,32Y58D11651YZ
,4,0,4|3|3|4|4|3|4|3|3|1,,,,,1,76R85E56543GD
10|8|9|10,4|4|4|4|4,0|0|0|0|0,0|0|4|4|4|4|4|4|4|2,4|4|4|2|4|3|4|4|2|2,4|4|4|2|4|4|4|4|2|2,4|4|4|2|4|4|4|4|2|2,4|4|4|2|4|4|4|4|2|2,2|2|0|0|0,88M58A84794JW
3|2|0|0,4|4|4|4|4,0|0|0|0|0,3|3|2|3|2|3|3|3|2|1,3|3|3|2|3|3|3|3|2|1,3|3|2|1|3|3|3|3|2|1,3|3|2|1|2|3|3|3|1|1,3|3|2|1|2|3|4|3|2|2,2|4|1|1|0,40O58I19879MF
6,4|4,0|0,3|2|3|4|3|2|3|3|4|0,4|3|3|4|3|3|4|3|4|0,,,,0|2,26W23K55435CK
5|1|4|4,4|4|4|4|4,0|0|0|0|0,3|0|2|2|3|3|3|3|1|0,2|1|2|1|2|3|3|3|0|0,3|2|3|1|2|2|3|1|1|0,3|2|3|1|1|1|3|2|0|0,3|2|2|0|2|3|3|3|1|1,4|3|3|3|3,45I63G22792OO
8|6|5|3,4|4|4|4|4,0|0|0|0|0,4|4|4|3|4|3|4|4|3|1,4|4|4|3|3|4|4|4|3|1,4|4|3|3|4|4|4|4|3|1,1|3|1|3|1|1|2|3|3|1,3|3|3|3|1|1|3|3|3|1,0|4|0|1|1,69G67A38952TK
5|0|7|7,4|4|4|4|4,0|0|0|0|0,4|4|3|2|3|4|4|3|2|0,4|4|3|1|4|4|4|4|1|0,4|3|3|1|4|3|3|3|1|0,4|3|3|1|3|3|3|3|1|0,3|3|3|1|3|3|3|3|1|0,3|3|1|1|1,15P21K78780NL
5,4|4,0|0,3|3|3|1|2|3|3|3|2|2,3|3|2|1|3|3|3|3|3|2,,,,0|2,44H62P13833RE
4|2|6|3,4|3|4|4|3,4|1|0|0|1,3|3|2|1|2|3|3|3|3|1,3|3|1|3|3|2|3|3|2|1,4|3|2|2|2|1|2|3|2|1,4|3|2|3|4|3|3|3|2|1,4|3|2|2|3|2|3|3|2|1,0|0|3|4|3,90S43U91934SG
5|4|0|3,4|4|4|4|4,0|0|0|0|0,3|3|2|1|2|3|4|3|2|1,3|3|2|1|3|3|3|3|2|1,3|3|3|1|3|3|3|3|2|1,3|3|2|1|2|2|3|3|2|1,3|2|2|1|2|2|3|2|2|1,2|0|0|0|0,77Q20F11169LS
8|8|7|5,4|4|4|4|4,0|0|0|0|0,2|3|2|0|0|3|3|3|4|1,3|2|3|1|2|4|3|2|2|1,4|2|2|0|0|3|2|0|1|1,4|3|3|0|1|3|4|3|1|1,3|2|2|0|2|3|3|2|2|1,0|3|1|0|1,58U83R40512OE
4|10|3|10,4|4|4|4|4,0|0|0|0|0,4|4|4|3|4|4|4|4|3|0,4|4|4|1|3|3|3|3|2|1,4|4|4|1|4|4|4|4|2|1,4|4|4|1|4|4|4|4|2|1,4|4|4|2|4|4|4|4|2|1,1|4|4|4|4,71H91V95461LB
7,4|4,0|0,4|4|3|4|4|4|3|4|3|0,4|3|4|4|3|4|4|3|2|0,,,,3|4,35X57P40762GZ
9|9|2|2,4|4|4|4|4,0|0|0|0|0,3|3|3|3|4|4|4|4|0|0,3|3|1|2|3|3|3|2|0|0,3|3|2|1|3|1|3|3|0|0,3|3|3|2|3|2|3|3|0|0,2|2|2|0|0|0|1|2|0|0,1|2|0|0|0,33S52N75137AN
5|7|6|10,4|4|4|4|4,0|0|0|0|0,3|3|3|3|4|4|4|4|3|1,3|4|4|4|4|3|4|4|4|1,4|4|4|4|4|3|4|4|3|1,4|4|4|3|3|3|3|3|4|1,4|4|4|4|4|3|4|4|4|1,2|2|0|0|0,11K52A51271XD
9|6|6|6,3|3|3|3|3,1|1|1|1|1,3|2|3|2|3|3|3|3|3|1,3|1|3|2|3|3|3|3|3|1,3|2|3|2|3|3|3|3|3|1,3|2|3|2|3|3|3|3|3|1,3|2|3|2|3|3|3|3|3|1,3|2|1|1|1,73D85W29707AH
3|7|7|7,4|4|4|4|4,0|0|0|0|0,2|3|3|1|3|2|4|4|3|1,3|2|1|0|3|3|4|4|3|1,4|4|3|2|4|3|3|4|3|2,3|4|4|2|4|4|3|4|3|2,2|3|1|3|3|2|3|4|3|2,0|2|0|0|0,23D26X24862KJ
5|4|6|2,4|4|4|4|4,0|0|0|0|0,3|4|3|2|4|2|3|4|2|1,3|3|3|2|3|3|3|4|2|1,3|4|3|2|3|2|3|4|2|1,3|3|3|2|3|3|4|4|2|1,3|4|2|2|3|3|3|4|2|1,3|1|3|3|3,78P42H15253XB
7|0,4|4|4,0|0|0,4|3|3|3|3|3|4|3|3|1,4|3|3|3|3|2|3|4|3|1,4|4|3|4|4|4|3|3|3|1,,,1|3|0,31M30H98398UK
8|10|8|10,4|4|4|4|4,0|0|0|0|0,4|4|3|2|4|3|4|4|3|0,4|4|3|2|4|3|4|3|3|1,3|3|3|1|3|3|3|3|3|1,3|3|3|3|3|3|3|3|2|1,4|4|4|1|4|3|3|3|2|2,4|3|1|1|1,67Q69Y23047JV
5|4|5|4,3|4|3|4|3,0|0|0|0|0,3|3|3|2|3|3|3|3|2|1,3|3|3|1|3|3|3|3|2|1,3|3|3|1|3|3|3|3|1|1,3|3|3|1|3|3|3|3|1|1,3|3|3|0|3|3|3|3|1|1,0|4|3|3|3,96N30R16178CU
6|5|1|1,4|4|4|4|4,0|0|0|0|0,3|3|3|2|2|2|4|3|2|0,3|3|3|2|1|1|4|3|3|0,3|4|3|3|3|2|4|4|2|0,3|3|3|3|1|1|3|3|2|0,3|3|3|3|2|1|4|3|2|0,1|0|1|1|1,50F14L12863QK
2|6|5|8,4|4|4|4|4,0|0|0|0|0,3|4|2|0|3|2|3|3|3|0,4|1|1|2|3|3|3|3|4|0,3|4|2|1|3|3|4|4|4|0,3|4|2|2|3|3|3|3|4|0,3|3|2|1|3|2|3|3|4|0,3|2|0|0|0,15Q83U27423HT
10|6|7|6,4|4|4|3|4,0|0|0|0|0,4|4|4|4|3|3|3|3|4|1,4|4|4|4|4|3|3|3|4|1,3|3|3|3|4|3|4|4|4|1,3|3|3|3|2|3|3|3|4|1,4|4|4|2|3|3|3|3|4|1,1|0|0|1|3,94W87W27206MF
6|8|4|4,4|4|4|4|4,0|0|0|0|0,3|4|3|3|3|3|2|3|1|1,4|2|3|1|3|3|4|4|1|1,4|4|4|1|3|3|3|4|0|1,3|1|1|1|3|3|3|3|0|1,3|4|3|1|2|3|3|3|0|1,2|3|0|0|0,31S36Q28909AT
8|5|10|5,4|4|4|4|4,0|0|0|0|0,3|3|3|2|3|3|3|3|2|1,3|2|3|2|3|3|3|3|2|1,3|4|3|4|3|3|4|3|2|1,3|2|3|3|3|4|4|4|2|1,3|4|3|4|3|3|4|4|2|1,0|3|0|0|0,42R21B39480ZI
5|3|3|0,4|4|4|4|4,0|0|0|0|0,3|4|3|1|2|3|3|3|1|1,2|1|0|1|1|3|1|1|1|1,3|3|2|1|2|3|2|3|0|0,3|2|1|1|1|3|1|3|0|0,3|2|1|0|1|2|3|3|0|1,2|1|0|0|0,42E37U60808II
7,0|4,0|0,3|3|3|3|3|3|3|3|3|1,3|3|3|3|3|3|3|3|3|1,,,,3|1,62S60N26832NI
4|3,4|4|4,1|0|0,4|2|3|2|3|4|4|4|3|0,3|2|3|3|4|3|4|3|4|1,3|1|3|3|3|4|4|3|3|1,,,0|3|2,20N96U93058NB
6|3,4|4|4,0|0|0,2|3|2|3|2|1|3|4|1|0,1|2|1|0|2|1|2|3|1|0,2|3|2|1|1|1|4|4|1|0,,,4|0|3,99H68R39824SG
,4,0,4|4|4|4|3|4|4|4|4|1,,,,,3,37O92A29338QX
4|7|8|3,4|4|4|4|4,0|0|0|0|0,3|4|2|2|3|2|3|4|2|0,3|4|3|3|2|1|3|4|2|1,3|4|3|2|3|2|4|4|2|1,4|3|3|3|3|2|4|4|2|1,2|3|1|1|2|1|3|3|2|1,3|1|0|0|0,43L69F58672MM
0|2|4|4,4|4|4|4|4,0|0|0|0|0,4|4|3|2|2|3|4|3|2|1,3|4|2|0|2|3|4|3|1|1,2|4|0|0|1|2|2|2|0|0,3|3|2|0|2|3|3|2|0|1,3|4|2|0|3|3|4|3|2|1,4|3|1|1|4,34V36D27063OF
8|7|9|7,4|4|4|4|4,0|0|0|0|0,3|4|3|3|3|3|3|4|3|1,4|4|3|4|4|3|4|4|3|1,4|4|3|3|4|4|4|4|3|2,3|3|3|3|3|3|3|3|3|2,3|3|3|3|3|3|3|3|3|2,1|0|0|1|1,30Q43N20720OB
,3,1,3|3|2|2|2|2|3|3|2|1,,,,,2,81Q64V41792NK
4|1,3|4|3,1|1|1,3|3|3|3|3|3|3|3|3|1,3|3|3|3|3|3|3|3|3|1,3|3|1|1|1|3|3|3|3|1,,,4|0|1,84W46E94525DS
7|4|6|5,4|4|4|4|4,0|0|0|0|0,4|3|3|3|3|3|3|3|3|1,4|3|3|3|3|3|3|3|3|1,3|3|3|3|3|3|3|3|3|1,3|3|3|3|3|2|3|3|3|1,3|3|3|3|3|3|3|4|3|1,4|2|0|0|0,95J17K42662AZ
7|6|8|6,4|4|4|4|4,0|0|0|0|0,3|4|2|1|4|3|4|3|3|1,4|3|3|2|4|4|3|4|3|1,3|3|2|1|3|3|4|4|3|1,3|3|3|1|3|3|2|4|3|1,3|4|3|1|3|3|4|4|3|1,0|3|1|0|1,22U59V62293MQ
8,4|4,0|0,3|4|4|3|3|4|4|4|4|1,3|3|3|3|4|3|4|3|3|1,,,,4|1,68H85E83673AT
6,4|4,0|0,3|4|3|2|3|3|3|3|2|2,3|3|2|3|3|3|3|2|2|2,,,,3|0,27U18L20632XC
4|3|4|4,4|4|4|4|4,0|0|0|0|0,4|3|3|3|3|3|4|4|3|1,3|3|3|2|2|2|3|3|2|1,3|3|3|2|2|2|2|3|2|1,3|2|3|2|2|2|2|3|2|1,3|3|3|2|3|2|2|3|2|1,3|1|0|0|0,98Q98R48028MS
7|8|6|6,4|4|3|4|4,0|0|0|0|1,3|3|4|3|4|2|3|3|4|1,3|4|3|2|4|4|4|4|3|1,3|3|2|1|2|1|2|3|4|1,3|3|2|1|2|1|3|3|3|1,3|4|2|2|3|2|3|3|3|1,1|1|0|0|0,78K55S97060JW
2|5|0|7,4|4|3|4|4,1|3|3|0|0,4|2|1|2|3|2|3|3|3|1,4|3|3|2|3|2|3|3|2|0,3|2|3|3|2|1|3|3|2|0,2|0|1|0|3|3|3|2|2|1,2|2|3|3|3|3|3|2|2|3,0|3|1|1|1,63L75X17938YV
,4,0,3|3|3|2|1|2|3|3|2|0,,,,,3,87T71U27293GC
8|9|9|9,4|4|4|4|4,4|0|0|0|0,4|3|3|3|3|3|4|4|3|0,4|3|3|3|3|4|4|4|3|1,4|4|4|4|4|3|4|4|4|2,4|4|4|4|4|4|4|4|4|2,4|4|4|4|4|3|4|4|4|2,3|3|0|0|0,38H59B33076OI
6|10|0|6,4|4|4|4|4,0|0|0|0|0,4|4|2|2|3|3|3|3|2|1,4|3|2|2|2|3|4|3|2|1,2|2|2|2|2|1|2|2|1|1,4|3|2|3|2|2|3|3|2|1,3|3|2|2|2|2|2|3|1|1,4|3|0|0|0,50X23W65986GU
7|7|7|7,4|4|4|4|4,0|0|4|0|0,3|3|4|4|4|4|4|4|2|1,4|4|3|4|4|3|4|4|1|1,4|3|4|3|4|4|4|4|1|1,4|4|3|4|4|4|4|3|2|1,3|3|3|3|3|4|4|4|4|2,4|3|0|0|1,60Q57I78837UR
7|8|9|8,4|4|4|4|4,0|0|0|0|0,3|3|4|2|4|4|4|3|2|1,4|4|4|3|4|4|4|4|2|1,4|4|3|3|4|3|4|4|2|1,3|3|3|4|3|4|4|3|2|1,4|4|4|3|3|4|4|4|3|1,0|1|0|0|0,36E34Q30528WS
10|10|10|10,4|4|4|4|4,0|0|0|0|0,4|4|3|3|3|4|4|3|4|0,4|3|4|4|4|3|4|4|3|0,3|4|4|4|3|4|3|3|4|0,4|3|3|4|4|3|4|4|4|0,3|4|3|4|4|4|3|4|3|3,4|2|0|0|0,47A66H80731MF
8|7|8|4,4|4|4|4|4,0|0|0|0|0,4|3|3|1|3|3|4|4|2|1,4|3|4|4|3|1|3|4|1|1,4|4|4|2|4|3|4|4|3|1,4|2|3|1|3|3|4|3|3|1,4|4|4|2|3|3|4|3|2|1,1|3|0|0|0,31S38O54687MS
2|1|1|0,4|4|4|4|4,0|0|0|0|0,3|3|3|1|3|4|3|3|1|1,2|3|1|3|3|3|3|4|1|1,3|3|3|2|3|4|4|4|0|1,4|3|2|2|3|3|3|3|1|1,2|4|2|2|4|4|4|4|1|1,0|0|1|1|1,48F34W81913WC
0,4|4,0|0,4|4|4|1|2|3|4|4|1|1,3|3|1|1|2|3|3|3|1|0,,,,2|3,17A69R64810GD
6|7|6,4|4|4|4,0|0|0|0,3|4|2|1|4|4|4|4|3|1,3|4|2|1|4|3|3|3|2|1,3|3|2|3|3|2|2|3|2|1,3|3|2|2|3|3|3|3|2|1,,4|4|1|1,23E18V40640CX
9|6|8|8,4|3|3|4|4,0|0|0|0|0,3|4|3|3|3|3|4|4|3|1,3|3|3|3|4|3|3|3|3|1,4|3|3|3|3|4|3|3|3|1,4|4|4|3|3|3|3|3|4|1,4|4|3|3|3|3|3|3|3|1,0|1|0|0|0,93J49D23272UM
5|0|5|4,4|4|4|4|4,0|0|0|0|0,4|4|4|2|4|4|4|4|3|1,4|4|2|4|4|4|4|4|2|1,4|3|1|2|4|4|4|4|3|2,4|4|4|3|4|4|4|4|4|2,4|4|4|4|4|4|4|4|4|1,2|1|0|0|0,61T89L68124PY
9|9|8|8,4|3|3|3|3,0|0|1|0|0,3|3|3|2|3|3|3|3|2|1,3|3|3|2|3|3|3|3|3|1,3|3|3|2|3|3|3|3|2|1,3|3|3|2|3|3|3|3|3|1,3|3|3|2|3|3|3|3|3|1,1|1|1|1|1,91P54E70759FX
3|7|3|7,4|4|4|4|4,0|0|0|0|0,1|3|3|2|3|3|2|3|3|0,3|4|3|1|3|3|3|3|3|0,3|3|3|2|3|3|4|3|3|1,3|3|2|1|2|3|3|3|3|1,4|4|3|1|3|3|3|4|3|1,1|0|2|1|4,44Q49Z85285RD
4,4|4,0,3|3|2|1|3|3|3|2|2|0,2|3|1|4|3,,,,4,12W66I64059WV
4|4|2,4|4|4|4,0|0|0|0,3|2|3|1|1|1|2|3|2|0,4|2|3|1|3|3|4|3|2|0,3|3|3|1|2|2|2|3|2|0,3|3|3|1|3|2|3|3|2|0,,2|2|1|1,40J51J41826WC
5,4|4,0|0,3|4|3|0|2|2|3|3|2|0,3|3|1|0|3|1|4|4|3|1,,,,0|2,55G43D55873NS
5|7|6|6,4|4|4|4|4,0|0|0|0|0,2|1|1|1|2|2|2|3|2|0,3|1|2|1|2|2|3|3|2|1,2|1|2|1|2|2|3|3|2|1,2|1|3|1|2|2|3|3|2|1,2|1|2|1|3|2|2|3|2|1,0|0|1|1|1,14A41U41176RZ
6|6|6|2,4|4|4|4|4,0|0|0|0|0,3|3|3|2|2|3|3|3|3|0,4|3|3|3|4|4|4|4|2|0,3|3|3|2|2|3|3|3|3|1,3|3|3|2|2|3|3|3|2|1,3|3|3|2|3|3|3|3|2|1,4|4|0|0|0,44F85A30181TA
2,4|4,1|0,2|3|2|1|3|3|3|3|3|0,3|3|2|1|2|2|3|3|3|0,,,,2|0,57C21B51180CR
1|0|0|4,4|4|4|4|4,0|0|0|0|0,3|3|1|1|2|2|1|3|2|1,3|3|1|0|2|1|3|3|2|1,3|3|1|0|0|1|0|3|2|0,3|3|1|1|3|3|3|3|1|1,3|1|1|0|2|1|2|3|0|1,3|3|1|1|1,49J61G85233MB
5|2|7|9,4|4|4|4|4,0|0|0|0|0,3|3|2|3|3|3|3|3|2|1,3|3|2|1|2|3|3|3|2|1,3|3|2|2|2|2|3|4|2|0,4|4|3|3|3|3|3|4|3|0,3|3|2|2|3|3|3|3|3|0,2|1|0|1|1,59R96K43878ZO
2|3|0|0,4|4|4|4|4,2|0|0|0|4,3|3|2|2|4|3|3|4|3|0,3|3|2|3|2|3|3|4|3|1,3|3|3|2|4|2|4|4|3|1,3|3|2|2|1|1|2|4|3|1,3|4|4|1|4|4|4|4|3|1,1|1|1|0|1,58K18O64202FS
5,4|4,0|0,2|2|3|2|2|2|3|3|2|0,3|1|1|2|2|2|2|2|1|0,,,,1|4,30Z95E52888AC
3|6|6,4|4|4|4,0|0|0|0,3|4|3|1|2|2|3|3|2|1,1|3|1|1|2|3|3|3|1|1,4|4|4|4|3|3|4|3|3|1,3|3|3|3|3|3|3|3|2|1,,1|3|0|0,25M94T47689LT
7|9|9|0,4|4|0|4|4,0|0|0|0|0,4|4|3|1|4|2|3|3|3|1,4|3|3|1|4|4|4|4|4|1,4|4|4|1|4|4|4|4|3|1,4|3|4|2|4|4|4|4|4|1,4|4|4|2|4|4|4|4|4|1,4|1|4|4|4,38L72I87265KR
6|5|6,4|4|4|4,0|0|0|0,3|3|3|2|3|3|3|3|2|0,4|3|3|3|3|4|4|3|3|0,4|3|3|2|3|3|4|3|3|0,4|3|3|3|3|3|3|3|3|1,,1|0|0|1,32J45G79577UO
10|7|3|2,4|4|4|4|4,0|0|0|0|0,4|4|4|4|4|4|4|4|4|0,4|4|4|3|4|3|4|4|4|0,4|4|4|4|4|4|4|4|4|0,4|4|4|3|4|4|4|4|3|1,4|4|4|3|4|4|4|4|3|1,3|2|0|0|0,21F31X44258SP
5|4|6|6,4|4|4|4|4,0|0|0|0|0,4|2|3|2|4|3|4|4|3|2,3|1|4|3|4|4|4|4|3|2,4|1|4|3|4|4|4|4|3|1,4|3|4|1|4|3|4|4|2|1,4|4|3|0|4|3|3|3|2|1,1|0|0|0|0,53N86R53396IV
7|7|10|7,4|4|4|4|4,1|0|0|0|0,4|3|2|2|3|3|3|3|2|1,3|3|3|3|3|3|3|3|3|1,3|3|3|3|3|4|3|3|2|1,2|3|2|2|2|2|3|3|3|1,3|3|3|3|3|3|3|3|3|1,2|1|0|0|0,29H96E26757KM
,4,0,3|3|3|3|3|3|3|3|3|1,,,,,1,91N85V89797JO
2|6|8|8,4|4|4|4|4,0|0|0|0|0,2|3|3|1|1|1|3|3|2|1,3|2|1|0|3|4|4|3|3|1,3|4|1|0|3|4|4|3|2|1,3|3|1|0|1|3|3|3|3|1,3|3|3|0|3|3|3|3|2|1,4|3|0|1|1,38J82R89716VX
,4,0,3|4|1|1|2|2|3|3|1|0,,,,,3,80S66S29164MN
10|7|9|10,4|4|4|4|4,0|0|0|0|0,4|4|4|4|3|3|3|3|3|1,4|4|4|4|4|4|4|4|3|1,4|4|4|4|4|4|4|4|4|1,4|4|4|4|4|4|4|4|4|2,4|4|4|4|4|4|4|4|4|2,1|1|0|0|0,55S83J10014VW
,4,0,3|4|1|3|2|4|4|3|0|0,,,,,2,31P71T11140LF
7|7|5|8,3|4|4|4|4,0|0|0|0|0,3|3|3|2|3|2|3|3|2|1,3|3|3|1|3|3|3|3|1|1,3|3|3|1|3|3|3|3|1|1,3|3|3|2|3|3|3|3|1|1,3|3|3|2|3|3|3|3|1|1,2|0|0|0|0,21N49P11778AW
8|7|8|8,4|4|4|4|4,0|0|0|0|0,3|4|3|3|3|3|3|4|2|0,3|3|1|3|3|3|4|3|1|0,3|3|3|3|4|3|4|3|2|0,4|3|3|3|3|3|4|3|2|1,4|3|3|3|3|3|3|4|2|1,1|0|1|0|4,29O33O52134ZX
1|3|2|0,4|4|4|4|4,0|0|0|0|0,3|3|3|2|3|2|3|3|1|0,3|3|3|2|2|3|3|3|0|0,3|3|1|3|3|3|3|3|0|0,3|3|3|2|3|3|3|3|0|0,3|3|3|2|2|3|3|1|1|0,2|3|1|3|3,85G22X52060VC
8|9|8|7,4|4|4|4|4,0|0|0|0|1,3|3|3|2|3|3|3|4|3|0,3|3|3|2|3|3|3|3|3|1,3|3|3|1|3|4|4|4|4|1,4|3|3|2|3|3|3|3|3|0,3|3|3|3|3|3|3|3|3|1,4|4|0|0|0,92D59V34470IB
6|4|6|6,4|4|4|4|4,0|0|0|0|0,4|4|3|2|4|4|4|4|3|1,4|3|2|2|4|4|4|3|3|1,4|4|3|3|4|4|4|3|3|1,4|3|3|3|4|4|4|4|3|1,4|3|3|3|4|4|4|4|3|1,2|3|0|0|0,15N58H60477SS
2|4|0|5,4|4|4|4|4,0|0|0|0|0,3|3|4|1|2|2|3|3|2|0,3|3|4|1|3|2|3|3|2|0,3|2|3|1|3|2|3|2|2|0,3|4|3|1|3|2|3|3|2|0,3|2|3|1|3|3|3|3|2|0,1|1|3|3|3,53B49H97832EA
,4,0,3|3|1|3|4|4|4|4|2|1,,,,,4,11H40O70425JG
7|0|0|0,4|4|3|4|4,0|0|0|0|0,3|3|3|1|3|3|4|3|1|0,3|4|3|2|4|3|3|4|2|0,3|3|3|3|2|3|3|4|1|0,3|3|1|3|3|3|3|3|1|0,3|3|3|1|1|1|1|3|1|0,2|2|0|1|1,51J14N67907AX
1|0|0|0,4|4|4|4|4,0|0|0|0|0,2|3|2|1|2|2|3|3|3|0,3|3|3|1|2|2|3|3|3|0,3|3|3|2|3|2|3|4|3|0,2|4|2|1|2|2|3|3|2|0,3|3|2|1|2|2|3|3|3|0,0|0|3|3|3,26L82L20194AD
2|2|0|7,4|4|4|4|4,0|0|0|0|0,3|3|2|3|4|3|4|3|2|0,3|3|2|2|3|3|3|3|2|0,3|3|3|2|3|2|3|3|2|0,4|3|3|2|4|3|4|3|2|0,3|3|3|2|3|3|4|3|2|0,3|1|0|0|0,39O86W89156WC
8|8|6|7,4|4|4|4|4,0|0|0|0|0,2|4|3|1|3|2|3|4|2|1,3|2|3|1|4|3|4|3|2|1,4|2|3|1|3|3|4|4|2|1,4|2|3|1|4|3|4|3|2|1,4|3|4|1|3|3|4|3|2|1,4|4|0|0|0,18Q16Y45832EX
6,3|4,0|0,3|3|3|3|3|2|2|3|1|0,3|3|3|3|3|3|3|3|1|0,,,,4|2,80S30L46289TK
4,4|4,0|0,3|3|1|1|3|3|3|3|1|1,4|4|3|1|3|3|3|3|1|1,,,,1|2,21U40R59699DU
6|1,4|4|4,0|0|0,4|4|3|0|4|4|4|4|2|0,3|3|3|3|4|4|2|4|2|0,3|3|3|2|3|3|3|3|2|0,,,1|3|1,39Y18X89946OT
6|3|6|5,3|3|4|3|3,0|0|1|0|1,3|2|2|1|3|3|3|3|3|2,3|3|2|2|3|3|3|3|3|2,3|2|2|1|3|3|3|2|2|2,3|1|2|2|3|3|3|3|2|2,2|3|2|2|2|2|3|2|2|2,2|1|0|0|0,36Z50Q84163AL
5|6|8|0,4|4|4|4|4,0|0|0|0|0,3|2|1|1|3|2|4|3|3|1,2|1|3|3|2|1|3|2|3|1,3|4|3|3|3|3|3|3|3|1,2|2|1|3|2|2|3|2|3|1,3|3|3|3|3|2|3|3|3|1,4|3|1|1|1,57I46I21490RT
4|3,4|4|4,0|0|0,3|3|2|3|3|2|3|4|3|1,3|3|3|2|3|2|3|3|3|1,3|2|2|2|3|2|3|3|2|1,,,4|3|1,16S61X95962PJ
,4,0,4|4|3|2|3|3|4|4|3|1,,,,,0,85C35X43516FD
3|7|8,4|4|4|4,0|0|0|0,3|3|4|3|3|3|4|3|3|1,3|2|3|2|3|3|3|3|2|1,3|3|3|2|3|3|4|3|2|2,3|3|3|2|3|3|3|3|2|2,,3|3|0|1,24T68W79543KO
5,4|4,0|0,3|4|3|2|3|2|3|4|1|0,3|4|2|2|3|1|3|4|1|0,,,,4|1,39E81H26952GL
4|0,4|4|4,0|0|0,3|2|1|1|2|3|3|3|0|0,1|1|1|0|3|1|3|3|0|0,4|3|1|1|1|1|3|3|0|0,,,4|1|3,76J19G66949PZ
2|0|4|0,4|4|4|4|4,0|0|0|0|0,3|3|1|3|2|1|3|3|2|1,3|2|3|2|3|1|3|4|2|1,3|1|2|1|2|1|4|3|1|1,3|3|2|2|2|1|3|3|2|1,3|2|2|1|2|1|3|3|1|1,4|1|1|1|1,67E70L46384FV
4|0|3|3,4|4|4|4|4,0|0|0|0|0,4|4|3|3|3|1|4|1|1|0,4|3|1|3|3|3|4|4|0|1,4|3|3|1|1|0|4|4|2|0,3|1|0|1|0|0|4|3|1|0,4|3|3|1|1|1|3|4|0|1,0|1|3|3|3,42W96N11133WQ
6|6|7|6,4|4|4|4|4,0|0|0|0|0,3|2|1|3|0|1|3|3|2|0,3|1|3|1|2|3|3|3|2|0,3|2|3|1|1|3|3|2|2|0,3|3|1|1|3|3|3|2|2|0,3|2|1|0|3|3|4|2|2|0,2|2|0|0|0,87O30Z12601AZ
8|9,4|4|4,0|0|0,3|1|2|0|2|2|2|1|1|0,3|4|3|2|3|3|3|2|1|0,3|3|4|2|3|3|3|3|2|0,,,3|2|0,42H68B37991KR
6|4|3|5,4|4|4|4|4,0|0|0|0|0,4|3|2|3|3|3|3|3|3|1,3|3|3|2|2|3|3|3|3|1,3|3|3|2|2|3|3|3|3|1,3|3|3|2|2|3|3|3|3|2,3|3|3|3|3|3|3|3|3|2,2|0|1|1|1,27I43X50719WR
4|6|8|6,4|4|4|4|4,0|0|0|0|0,3|2|2|3|4|4|3|2|2|1,2|1|2|0|3|3|4|2|2|1,3|4|3|2|3|2|3|4|2|1,2|3|2|1|2|3|2|3|3|1,3|2|3|3|3|2|4|4|2|1,3|1|3|3|4,83T28C89208TT
5|6|4|5,4|3|4|4|4,0|0|0|0|0,3|2|3|1|3|3|3|3|2|1,4|2|3|2|4|4|4|3|2|1,3|3|3|1|3|3|3|3|2|1,3|3|3|1|3|4|4|3|3|1,2|1|2|3|3|1|3|3|2|1,2|0|1|2|1,78L97A11072UO
3,4|4,0|0,2|3|3|1|3|1|2|3|3|0,4|3|4|1|4|4|4|4|3|0,,,,3|3,58D36M76845BL
0|10|7|8,4|4|4|4|4,0|0|0|0|0,4|4|4|1|3|4|4|4|2|4,4|4|3|1|4|4|4|4|4|3,4|4|4|2|4|4|4|4|3|4,4|4|4|4|4|4|4|4|4|4,4|4|1|3|4|1|4|4|1|4,4|1|0|0|0,64G82S55486GV
5|3,4|4|4,0|0|0,3|2|2|2|3|3|3|3|2|1,3|3|3|3|3|3|3|3|2|1,3|2|2|1|2|3|3|3|2|1,,,2|2|0,86E99Q97265CN
7|7|7|9,4|4|4|4|4,0|0|0|0|0,4|3|3|2|3|4|4|4|0|0,4|3|3|2|3|3|4|3|2|0,4|4|3|3|3|3|3|4|2|1,4|4|3|3|3|4|4|4|2|1,4|4|4|4|4|4|4|4|2|1,1|1|0|0|0,91V91S33139VV
7|5,4|3|4,0|0|0,3|3|2|2|3|2|3|3|2|1,3|3|1|2|3|2|3|3|2|1,3|3|3|2|3|3|3|3|2|1,,,3|0|1,61Z67C84850SC
7|6|7|8,4|4|0|4|4,0|0|0|0|0,3|3|4|2|3|2|4|3|3|1,4|4|3|2|3|3|4|3|2|1,3|3|3|2|3|3|3|3|2|1,3|4|3|2|3|3|3|3|2|1,4|3|3|2|3|3|3|4|2|1,2|2|3|3|3,38T59W63969EH
8|8|5|5,4|4|4|4|4,0|0|0|0|0,4|4|4|2|4|4|4|4|1|1,3|3|3|2|4|4|4|4|2|1,4|4|3|2|4|4|4|4|2|1,4|3|3|2|4|3|4|4|2|1,4|3|3|1|3|3|3|3|1|1,0|0|0|0|1,95U29J69959XT
4|2,4|4|4,0|0|0,3|4|3|2|2|3|3|4|2|2,4|4|1|1|3|4|3|3|2|2,3|3|1|1|3|3|4|3|2|2,,,0|2|0,34H42W93386KU
6|3|5|2,3|3|3|4|3,1|1|1|1|1,3|3|2|2|3|2|3|3|3|1,3|3|2|2|3|2|3|3|3|1,3|2|2|1|2|2|2|3|3|1,3|3|2|2|3|2|3|3|3|1,3|3|2|2|1|1|2|3|3|1,2|2|1|1|1,63A91K96196SH
5,3|3,1|1,3|3|3|3|3|3|3|3|3|0,3|3|3|3|3|3|3|3|1|0,,,,2|4,24O62Y79286JH
7|6|9|10,4|1|4|4|4,0|0|0|0|0,3|3|2|1|4|3|4|4|4|1,3|3|3|1|3|4|3|4|4|1,4|3|2|2|4|4|3|4|3|2,3|3|4|1|3|3|3|4|3|3,4|4|2|0|3|3|3|4|3|3,3|0|4|3|3,31Z66H56749WT
4|9|3,4|4|4|4,0|0|0|0,3|3|2|1|3|3|3|3|1|0,4|4|4|3|4|4|4|4|1|1,1|3|3|2|2|1|2|3|1|1,4|4|3|2|4|4|4|4|1|1,,1|4|1|0,99F50D28118SO
3|4|0|0,4|4|3|4|4,0|0|0|0|0,3|3|1|0|1|2|3|3|1|1,3|2|1|0|1|1|3|3|0|1,3|3|1|1|0|1|3|3|1|1,3|3|1|0|0|1|3|3|1|1,3|3|1|0|1|1|3|3|0|1,2|4|3|3|3,78E87Q13350QR
4,4|4,0|0,4|3|2|1|4|3|3|4|2|0,2|3|1|0|1|1|1|3|2|0,,,,0|3,86E31C83121RB
3|6,4|4|4,0|0|0,3|3|3|1|3|3|3|3|2|1,3|4|2|3|3|3|3|3|2|1,3|3|2|2|3|4|4|3|2|1,,,2|2|3,44G39V83695DS
3|2|8|5,4|4|4|0|4,0|0|0|0|0,4|0|3|0|0|3|4|4|0|1,2|4|3|0|2|1|3|3|0|0,3|3|4|0|2|2|4|3|0|1,4|4|4|0|1|3|4|4|0|1,4|4|3|0|3|4|4|4|1|2,3|2|3|3|3,88Q98I54398SI
7|7|7|5,4|4|4|4|3,0|0|0|0|0,3|3|3|3|3|2|3|3|2|1,3|2|3|2|3|3|3|3|3|0,3|3|3|3|3|3|4|3|2|0,3|2|3|2|3|3|3|3|2|0,3|3|3|3|3|3|3|3|2|0,4|1|1|1|1,87J79E55047CX
8,4|4,0|0,3|1|3|3|3|2|4|4|4|0,2|1|2|4|2|2|2|2|2|1,,,,2|2,66L55E95160IB
8|8|8|7,4|4|4|4|4,0|0|0|0|0,4|3|3|3|3|3|4|3|3|1,3|4|3|2|4|3|4|4|3|1,3|3|3|2|3|4|4|3|3|1,4|3|3|2|3|3|3|3|3|1,3|3|3|2|3|3|3|3|3|1,2|3|3|3|3,25X81A92891FF
3|0|0,4|4|4|4,0|0|0|0,3|3|3|1|3|2|3|3|2|0,3|3|1|1|2|1|2|2|2|0,3|3|1|1|1|1|2|3|2|0,3|3|1|0|2|2|3|3|2|0,,4|4|1|1,35T92A46681BL
9|7|8|9,4|4|4|4|4,0|0|3|3|0,3|3|3|1|3|3|3|3|1|1,3|3|1|1|3|3|3|3|1|1,3|3|3|3|3|3|3|3|1|1,3|3|3|3|3|3|3|3|3|1,4|4|4|3|3|4|4|4|3|1,0|3|1|1|4,77G79B79607AB
3,4|4,0|0,3|3|3|3|3|2|3|3|3|4,3|2|2|1|3|3|3|4|1|1,,,,3|4,41B15U46278MS
5|4,4|4|4,0|0|0,3|4|3|0|2|3|2|4|1|1,3|4|4|0|1|2|1|1|1|1,2|3|3|0|0|0|0|2|1|1,,,2|0|1,83B15K91780EF
0|6|6|7,4|4|4|4|4,0|0|0|0|0,4|3|4|3|4|3|3|4|3|1,3|4|3|2|4|3|3|4|3|1,3|4|2|2|3|3|3|3|3|1,3|3|3|2|3|3|4|4|4|1,4|3|3|2|4|4|4|3|3|1,0|2|0|0|0,80D81N28227QQ
4|1,4|4|4,0|1|0,4|3|1|0|3|1|3|3|3|0,3|1|3|0|3|3|3|3|3|1,3|2|3|2|3|3|3|2|3|2,,,2|4|0,24T68E41666PI
0|7|9|10,4|4|4|4|4,0|0|0|0|0,4|4|2|3|3|4|4|4|2|1,3|3|1|3|4|4|4|4|2|1,4|4|3|1|3|4|4|4|3|1,4|4|2|4|4|4|4|4|3|1,4|4|3|4|4|4|4|4|3|2,0|1|4|4|4,46W96P72525QI
4|4|3|7,4|4|4|4|4,0|0|0|0|0,4|4|3|3|3|3|4|3|2|1,4|4|3|4|3|3|4|4|1|1,4|4|3|4|3|4|4|4|2|1,4|4|3|4|3|4|4|4|1|1,4|4|3|4|3|3|4|4|1|1,1|3|0|0|0,58Q25V84819FM
6|6|6|7,4|4|4|0|4,0|0|0|0|0,3|3|3|2|3|3|3|3|2|0,3|3|3|2|3|3|3|4|2|0,3|3|3|2|3|2|3|3|2|0,3|3|3|2|3|3|3|4|2|0,3|4|4|2|3|3|3|4|2|2,1|4|3|3|3,15O18J21669MM
0|10|0|3,4|4|4|4|4,0|0|0|0|0,4|4|3|2|3|3|3|3|3|1,4|3|1|3|4|4|4|4|2|1,2|4|1|3|2|1|2|3|2|1,4|3|0|3|2|3|4|2|2|1,4|1|1|3|2|2|3|1|2|1,4|0|1|0|1,83L44Y15483DR
6,4|4,0|0,3|3|3|3|3|3|3|3|3|2,4|4|3|3|4|4|4|4|1|2,,,,3|0,60J25E80770AS
4,4|4,0|0,4|3|1|2|3|4|3|3|2|1,3|3|1|1|3|2|3|3|3|1,,,,0|2,50P88F74700KY
3|3|1|2,4|3|4|4|4,0|1|0|0|0,3|3|3|2|2|3|3|3|2|0,2|3|3|3|2|2|2|3|1|0,3|3|2|3|2|2|3|3|1|0,2|1|1|3|1|1|3|3|1|0,2|1|2|3|1|1|3|3|1|0,2|1|1|1|1,46Z62G16615FM
0|0|0|0,4|4|4|4|4,0|0|0|0|0,4|4|4|1|3|3|3|3|3|1,3|4|3|1|3|2|2|3|3|1,3|4|4|3|2|2|3|3|2|1,4|2|3|1|2|3|3|2|2|1,3|3|3|1|2|2|3|3|2|1,2|2|1|3|3,55C21I91088OW
0|5|7|8,4|4|4|4|4,0|0|0|0|0,3|1|2|2|3|4|3|3|3|1,4|2|3|1|3|3|4|3|2|2,3|2|3|0|3|3|4|3|2|2,3|2|2|1|3|3|3|3|2|2,4|3|4|2|4|3|4|4|2|2,0|1|2|1|0,24Z67R18424GU
7|7|5|4,4|4|4|4|4,0|0|0|0|0,4|4|3|2|4|3|4|3|3|0,3|3|3|2|3|3|3|4|2|0,4|3|3|2|4|4|4|4|2|0,3|3|2|1|3|3|3|3|2|0,3|3|2|1|3|3|3|3|2|0,2|2|4|3|3,24U33W58605OJ
6|4|3|4,4|4|4|4|4,0|0|0|0|0,4|3|3|2|3|3|4|4|4|0,3|3|2|4|3|2|3|3|4|0,4|3|3|2|3|3|4|4|4|0,3|2|1|2|3|3|4|3|4|0,3|3|1|2|2|3|4|3|4|0,4|3|0|1|1,76T33T70375QY
8|10|10|10,4|4|4|4|4,0|0|0|0|0,3|4|4|4|4|4|4|4|2|1,3|3|3|3|4|4|4|4|1|1,4|4|4|4|4|4|4|4|3|1,4|4|4|4|4|4|4|4|4|1,4|4|4|4|4|4|4|4|4|1,1|1|0|0|0,39I24I53571BC
0|5|7|6,4|4|4|4|3,0|0|0|0|0,4|4|4|3|3|3|4|4|3|1,3|4|3|3|3|3|3|4|4|1,4|3|3|3|4|3|3|4|2|1,3|3|3|3|3|3|3|3|3|1,3|3|3|3|3|3|3|3|3|1,1|2|0|1|1,92N24A26127OP
4|3,4|4|4,0|0|0,4|3|3|2|3|3|4|3|2|1,4|3|3|2|3|4|4|3|2|1,3|3|3|2|3|3|3|3|2|1,,,2|2|3,10A72R77208KY
6|0|3|6,4|4|4|4|4,0|0|0|0|0,3|4|2|3|3|3|3|4|3|0,2|4|1|3|1|1|3|3|3|0,4|4|3|2|4|3|4|4|3|0,2|4|1|1|0|1|2|3|3|0,4|4|4|2|4|4|4|4|3|0,3|0|4|3|4,21K51B22265AZ
2|4|0|0,4|4|4|4|4,0|0|0|0|0,3|3|1|1|0|1|2|1|1|0,4|4|1|1|2|1|3|3|0|0,4|4|2|2|4|2|4|3|1|0,1|4|1|1|1|1|2|3|1|0,3|3|1|1|2|2|3|3|1|0,3|3|0|1|1,26X86F84515OP
7|5|3|0,4|4|4|4|4,0|0|0|0|0,3|4|2|3|3|3|4|3|2|1,3|2|3|3|3|3|4|4|2|1,4|3|3|4|3|3|3|3|3|1,2|3|2|3|2|2|3|3|2|1,3|3|2|3|2|2|3|3|3|1,0|1|1|1|1,63O32F71435DQ
9|6|8|8,4|4|4|4|4,0|0|0|0|0,4|4|4|3|3|3|4|4|2|0,3|3|3|3|3|3|3|3|1|0,4|4|2|2|3|3|3|4|2|0,4|4|3|2|3|4|4|3|2|0,3|4|2|2|4|3|3|4|2|0,3|0|3|3|4,16Z15Z20553NF
2|6|6|7,4|4|4|4|4,0|0|0|0|0,4|3|3|3|3|4|4|4|3|2,3|3|3|2|4|3|3|3|3|2,3|3|3|2|3|3|3|3|3|2,3|3|3|3|3|3|3|3|4|2,4|2|3|3|4|3|3|3|4|4,4|0|0|0|0,62A90Z72313GD
8|8|9|9,4|4|0|4|4,0|0|0|0|0,3|3|3|2|4|3|4|3|2|1,4|3|2|2|3|2|3|4|2|1,3|3|3|2|3|2|3|3|2|1,4|4|4|2|4|3|4|4|3|1,3|4|3|3|3|4|3|4|3|1,1|0|0|0|0,53Q36M53988JX
6|0|2|1,4|4|4|4|4,0|0|0|0|0,2|3|4|1|3|3|3|4|3|1,1|2|2|1|1|1|2|4|2|1,2|2|4|0|2|2|3|2|1|1,1|1|4|0|0|2|2|3|2|1,0|3|4|0|0|0|0|3|2|1,0|0|0|0|0,75E48Z88044DS
6|5|4|6,4|4|4|4|4,0|0|0|0|0,3|4|3|2|3|3|3|4|3|0,3|3|3|2|3|4|3|3|3|1,4|2|3|2|3|3|3|3|3|1,3|1|3|2|4|4|4|3|3|1,3|3|3|2|3|4|3|3|3|1,3|0|3|1|3,94K40V12353JJ
3|7|5|5,4|4|4|4|4,0|0|0|0|0,4|3|3|4|2|3|4|2|3|0,3|3|3|1|2|3|3|3|3|1,3|4|3|2|3|3|3|3|3|1,4|3|3|2|3|3|3|3|3|1,3|3|3|2|3|3|4|4|3|1,4|1|3|3|3,88D90L79299DX
7|10|10|9,4|4|4|4|4,0|0|0|0|0,4|2|4|0|3|4|4|2|4|1,4|4|4|0|4|4|4|4|4|1,3|4|3|0|3|3|3|3|3|2,3|4|2|0|4|4|4|4|4|1,3|4|4|0|4|4|3|4|3|1,4|0|0|1|0,46J92K16446XW
6,4|4,0|0,3|3|3|3|1|1|3|3|3|0,3|3|3|3|2|1|3|4|3|0,,,,1|2,91E52H87441WN
,4,0,3|3|3|3|3|3|3|3|1|1,,,,,0,49W86A42771KA
5|2|2|4,4|4|4|4|4,0|0|0|0|0,3|4|2|4|2|3|4|4|0|0,0|3|0|3|0|1|1|4|1|1,4|4|4|2|3|4|4|4|1|1,3|2|3|3|3|2|3|3|1|1,3|4|3|3|3|3|3|4|1|1,0|4|3|1|4,14D71W26440UV
10|10|10|10,4|4|4|4|4,0|0|0|0|0,4|4|3|1|4|4|4|4|3|1,4|3|1|1|4|3|4|4|3|1,4|4|4|3|4|4|3|4|3|1,3|4|3|3|4|3|4|4|3|1,3|4|4|3|4|4|3|4|3|1,1|4|4|1|0,70N91V63153YJ
6|5|8|0,4|4|4|4|4,0|0|0|0|0,3|3|2|1|3|3|3|3|1|0,2|1|2|2|2|2|2|1|0|0,3|3|2|2|3|3|3|3|1|0,2|1|2|1|1|2|2|1|1|0,3|3|2|2|3|2|2|3|1|0,0|0|0|0|0,46S39X54957BN
4|3|4|4,4|4|4|4|4,0|0|0|0|0,4|2|3|1|3|3|3|3|2|1,3|3|3|3|3|4|4|4|1|1,3|3|3|4|3|3|3|3|2|1,3|3|3|2|3|3|3|3|2|1,3|3|3|4|3|3|3|3|2|1,3|3|1|3|1,14N53K39087ZO
7|8|6|6,4|4|4|4|4,0|0|0|0|0,4|4|3|3|3|4|4|4|4|1,4|4|4|3|4|4|4|4|2|1,4|4|3|3|3|4|4|4|2|1,3|3|3|2|3|3|3|3|2|1,3|3|2|2|3|3|3|3|3|1,4|4|0|1|1,73V62O13041JG
3|4|6|7,4|4|4|4|4,0|0|0|0|0,3|3|2|1|4|3|3|3|2|0,3|3|1|1|3|2|3|3|2|0,2|3|1|1|3|2|3|3|2|0,3|4|2|1|3|2|3|3|2|0,1|3|2|1|2|1|1|3|2|0,2|3|0|0|0,29X17Y51035JK
7|4|2|4,4|0|0|4|4,0|0|0|0|0,3|1|1|3|3|3|3|3|3|1,3|3|3|3|4|4|4|4|2|1,3|3|1|3|3|3|3|3|3|1,3|3|1|3|3|3|3|3|2|1,3|3|2|3|3|4|4|3|2|1,4|3|0|0|0,88E32C86256HH
6|8|8|8,4|4|4|4|3,0|0|0|0|0,3|4|3|0|2|3|4|3|1|1,3|3|2|2|3|3|3|3|2|2,3|3|3|4|3|3|3|3|2|2,3|3|3|3|3|3|3|3|2|2,3|3|3|4|3|3|3|3|2|3,2|4|1|1|1,30W86V25853HK
6|7|8|8,4|4|4|4|4,0|0|0|0|0,3|3|2|2|3|3|3|3|3|1,3|3|3|3|3|3|3|3|3|1,3|3|4|3|3|3|3|3|3|2,3|3|3|3|3|3|3|3|3|2,3|3|3|3|3|3|3|3|3|2,2|0|0|0|0,78X47E61062CV
0|0|2|3,4|4|4|4|4,0|0|0|0|0,3|3|2|3|2|2|3|3|3|1,2|3|1|2|1|2|3|3|3|1,3|3|1|3|3|3|3|3|3|1,3|3|1|3|2|3|3|3|3|1,3|3|2|3|2|2|3|3|3|1,2|4|0|0|0,11J44J61271GT
,4,0,4|3|3|2|3|3|3|4|2|1,,,,,0,54H28E52744DE
4|3|7|6,4|4|4|4|4,0|0|0|0|0,4|1|3|1|3|3|4|1|2|1,3|3|1|1|2|3|3|2|1|1,3|1|2|1|2|3|3|2|1|2,3|2|3|1|3|3|3|3|1|1,3|3|2|1|3|3|3|3|2|2,2|2|1|1|1,44S29E84258FO
,4,0,4|4|4|4|4|4|4|4|3|1,,,,,4,45N90E79952WH
6|6|7|8,4|4|4|4|4,0|0|0|0|0,3|4|3|2|4|4|4|4|2|1,3|4|2|2|3|4|3|3|2|1,3|3|3|2|3|3|3|3|2|1,3|3|3|2|4|4|4|3|2|1,3|4|3|2|4|4|4|4|2|1,0|2|3|1|4,92O56C98632AP
3|4|4,4|4|4|4,0|0|0|0,2|3|1|0|2|3|2|3|2|0,3|2|2|1|4|4|4|4|2|1,2|1|3|2|3|3|3|3|2|1,2|3|2|1|0|1|1|3|2|1,,3|0|3|3,65L51Q94513JG
6|8|2|10,4|4|4|4|4,0|0|0|0|0,4|4|1|1|4|4|4|3|3|0,3|3|1|1|3|2|3|3|4|0,3|3|3|1|3|3|3|2|4|0,3|3|3|1|3|3|3|3|4|0,4|3|2|0|3|3|3|3|4|0,4|0|0|0|0,18E28E87424GP
7|3|7|3,4|4|4|4|4,0|0|0|0|0,3|3|3|3|3|3|3|3|2|1,3|3|2|3|3|3|3|3|2|2,3|1|3|3|3|3|3|2|3|1,3|2|1|3|3|3|3|3|2|1,3|2|3|3|3|3|3|2|2|1,4|0|1|1|1,14G95N30179QO
8|8|7|6,4|4|4|4|4,0|0|0|0|0,4|4|4|2|4|4|4|4|2|1,4|4|1|2|2|3|3|0|2|1,4|4|2|2|4|4|4|4|2|1,4|4|2|2|4|4|4|4|2|1,4|4|1|2|3|3|3|3|2|1,0|3|0|0|1,63K23V64183WA
,4,0,4|3|3|2|3|3|4|4|3|1,,,,,2,61U25S97002CT
5|6|5|2,4|4|4|4|4,0|0|0|0|0,3|2|2|3|3|3|3|3|2|1,3|3|2|2|3|3|3|3|3|1,3|3|3|3|3|3|3|3|3|1,2|3|2|2|1|1|1|2|3|1,3|3|2|2|3|3|3|3|3|1,4|4|0|0|0,77V63O30039UV
7|5|4|6,4|4|0|4|4,0|0|0|0|0,4|3|3|2|3|2|3|4|3|1,3|2|3|4|3|2|3|4|4|1,3|3|3|3|4|2|3|4|3|1,3|4|3|3|3|2|4|4|3|1,4|3|3|3|3|2|4|3|3|1,4|4|0|4|1,69R83M66494PM
,4,0,3|1|2|2|3|2|3|3|1|1,,,,,1,51P23P69852LK
9,4|3,0|0,2|3|4|1|3|4|4|3|3|0,4|3|3|4|3|4|4|4|3|0,,,,4|3,76M32F32821KN
0|0|4|0,4|4|4|4|4,0|0|0|0|0,3|3|3|3|3|4|4|4|1|1,1|3|4|1|1|3|3|3|3|1,4|4|4|4|4|4|4|4|1|1,3|3|3|3|1|3|3|4|1|1,3|3|3|3|3|3|3|3|1|1,3|2|0|0|1,61T45Z80075IV
6|8|2|6,4|4|4|4|4,0|0|0|0|0,4|4|4|1|3|3|3|4|1|1,3|4|3|1|3|3|3|4|3|1,1|4|3|1|1|1|1|4|3|1,4|4|3|1|3|3|4|4|3|1,4|4|1|1|3|2|3|4|3|1,4|2|0|0|4,28S55U16257QQ
8,4|4,0|0,4|3|4|2|4|3|4|4|3|2,4|3|4|2|3|3|4|4|3|1,,,,4|0,13N85G41811YE
4|5|0|0,4|4|4|4|4,0|0|0|0|0,4|3|3|2|3|4|3|4|3|0,3|4|2|2|3|3|3|4|3|1,4|2|4|2|3|3|4|3|4|1,4|2|3|2|2|3|3|3|0|1,4|2|3|2|3|4|4|4|3|1,4|0|0|4|0,64B76T99434XH
3|2|2,4|4|3|4,0|0|1|0,2|3|1|1|2|1|2|3|2|0,3|2|3|1|1|0|1|1|3|0,3|3|2|1|2|1|1|3|1|0,3|3|3|0|2|1|1|3|1|0,,3|0|3|3,30D18W30738NF
6|7|2|8,4|4|3|3|4,0|0|0|0|0,2|3|3|2|2|2|2|3|1|0,3|3|2|1|2|2|3|3|1|0,3|3|2|1|3|2|3|2|1|0,3|3|2|1|2|3|2|3|1|1,2|3|3|1|3|2|3|3|0|0,0|0|1|1|1,28Q87R79778XR
6|6|6|7,3|3|3|4|4,1|1|1|1|1,2|3|4|3|3|3|4|3|2|1,3|4|3|3|2|2|3|3|3|1,3|3|3|3|4|2|4|3|3|1,3|3|3|3|3|2|3|3|3|1,3|4|3|3|3|2|3|3|3|1,2|4|4|1|1,50B68T39537IY
1|2|0|0,4|4|4|4|4,0|0|0|0|0,3|2|1|1|2|2|3|3|3|0,2|0|3|0|0|1|2|2|3|0,3|1|3|0|2|2|3|2|3|0,3|1|3|0|1|1|2|3|3|0,3|2|3|0|2|3|3|2|3|0,3|4|1|1|1,88S27W87503PI
4|4|5|5,4|4|3|4|4,0|0|0|0|0,3|3|3|2|2|3|3|3|3|2,3|3|3|2|3|3|3|3|3|2,3|3|3|3|3|3|3|3|2|1,2|3|3|2|3|2|2|3|2|1,3|3|3|3|3|3|3|3|3|1,1|4|1|3|1,39L44G71779QZ
0|0|0|0,3|4|4|4|4,0|0|0|0|0,3|3|3|3|3|3|3|3|2|0,3|2|2|1|2|3|3|2|3|0,2|1|1|1|1|2|4|2|2|0,3|1|1|0|2|3|3|3|2|0,3|2|0|0|0|0|0|2|2|0,1|1|2|1|1,23Y74V15972UK
7|6|7|8,4|4|4|4|4,0|0|0|0|0,4|3|2|3|3|3|3|3|2|2,3|3|2|3|3|3|4|4|2|2,3|3|3|3|4|3|3|3|2|2,4|4|3|3|4|4|4|4|2|2,4|4|3|4|4|4|4|4|2|2,4|3|1|0|0,72X80I62545GJ
4|3|7|7,4|4|4|4|4,0|0|0|0|0,4|3|2|2|4|4|3|4|2|1,4|1|3|2|4|4|4|2|2|1,3|2|2|1|4|4|4|3|2|1,4|2|3|2|4|4|4|3|2|1,4|2|4|2|4|4|4|4|3|2,2|4|0|0|0,26C68F88241QZ
7|2|7|8,4|4|4|4|4,0|0|0|0|0,4|4|4|3|4|3|3|3|2|0,3|2|0|1|2|3|3|3|1|0,3|4|1|1|3|3|3|3|1|0,2|1|3|1|1|3|2|3|1|0,1|2|1|1|1|3|2|3|1|0,2|2|3|3|3,27Z33M18175NZ
6|6|3|0,4|4|4|4|4,0|0|0|0|0,3|3|3|1|3|2|3|3|3|0,3|3|3|1|3|2|3|3|2|1,3|3|3|1|2|2|3|3|2|1,3|3|3|1|2|2|3|3|2|1,3|3|3|1|2|2|3|3|2|1,2|4|0|0|0,16S91X36117JX
6|10|5|7,4|4|4|4|4,0|0|0|0|0,4|3|2|1|3|3|3|4|2|2,4|3|2|1|3|3|4|4|2|2,4|4|3|1|4|3|4|4|3|3,4|3|1|0|3|4|4|4|2|4,3|3|3|0|4|3|3|4|2|4,3|0|1|1|0,18L16N17562ZC
8,4|4,0|0,1|3|3|3|4|3|4|3|2|1,4|4|3|3|4|3|4|3|1|1,,,,4|1,39X78X74884FY
6|6,4|4|4,0|0|0,2|4|3|2|4|3|4|4|3|1,3|3|1|2|3|3|4|4|2|1,3|3|1|1|3|4|3|3|2|1,,,0|1|3,90Z30B79991UN
3|1|3|2,4|0|4|4|4,0|0|0|0|0,4|2|3|2|3|3|3|4|3|1,4|2|3|1|4|4|4|4|3|1,3|3|1|0|2|3|3|3|3|1,3|3|3|1|4|3|3|3|3|1,3|3|3|0|3|3|4|2|3|1,3|0|0|0|0,73M53J44447DO
5|4|7|5,4|4|4|4|4,0|0|0|0|0,3|3|3|3|3|2|4|4|1|1,3|4|3|4|3|3|4|4|1|1,4|4|2|3|3|3|4|4|1|1,2|3|2|3|2|2|3|4|2|1,3|3|2|3|2|2|3|3|1|1,3|4|0|0|1,81V30X75378LR
9|8|9|9,3|4|4|4|0,0|0|0|0|0,4|3|3|1|4|4|3|4|3|1,4|3|3|1|4|3|4|4|3|1,3|4|3|1|4|3|4|4|3|1,4|3|3|3|3|4|3|4|2|1,3|2|4|3|3|3|4|3|3|1,4|3|1|4|2,65V33F28647PQ
7|6|6|7,4|4|4|4|4,0|0|0|0|0,4|3|3|4|4|1|3|3|3|2,3|3|3|3|4|2|4|3|3|2,3|3|3|3|3|1|4|3|3|2,0|3|3|3|4|3|3|3|3|2,3|3|3|3|3|3|4|3|3|2,3|1|1|1|1,81F73X76271DB
6|10|7|6,4|4|4|4|4,0|0|0|0|0,4|4|3|4|3|1|4|4|3|1,4|4|3|4|3|1|4|4|3|1,4|4|3|4|3|0|4|4|3|1,4|4|3|4|3|1|4|4|3|1,3|4|3|4|3|1|4|4|3|1,1|0|4|4|4,52D74Q10750OA
6|6|4|3,4|4|4|4|4,0|0|0|0|0,4|3|3|4|3|3|4|4|3|1,3|4|3|2|3|3|4|4|3|1,4|3|3|3|3|3|4|4|3|2,3|4|4|2|3|3|3|4|3|2,3|4|4|3|3|3|4|4|3|2,2|3|0|0|1,81Z14N22347TL
4|7|8|7,4|4|0|4|4,0|0|0|0|0,3|3|2|2|2|2|3|3|1|2,3|3|3|2|2|3|3|3|0|2,3|3|3|1|2|3|3|3|1|2,3|3|3|1|3|3|3|3|1|2,3|3|3|1|3|2|3|4|1|2,0|4|1|1|0,39I49P82418OU
6|8|10|2,4|4|4|4|4,0|0|0|0|0,4|3|3|0|3|3|4|1|4|0,4|4|2|0|4|4|3|0|4|0,4|4|2|0|3|4|2|3|4|1,0|1|2|0|2|1|1|0|4|0,4|0|0|0|0|2|1|0|4|0,3|1|3|3|3,31H45W68574ZV
7|8|8|9,4|4|4|3|4,0|0|0|1|0,3|4|3|4|3|4|4|3|3|1,3|4|3|3|3|3|3|3|3|2,4|3|3|3|3|3|3|3|4|2,4|3|4|3|4|3|3|3|3|3,4|3|3|4|3|4|3|3|3|2,1|1|1|1|1,31O97E84548SY
9,4|4,0,4|4|3|3|4|3|4|4|3|0,4|4|4|3|4,,,,0,26E18R28268IZ
7|3|4|0,4|4|4|4|4,0|0|0|0|0,3|3|3|3|3|2|3|3|2|1,3|3|2|2|3|3|3|3|2|1,2|4|2|1|2|1|2|3|3|0,2|4|2|1|2|1|2|3|3|1,3|3|3|1|3|2|2|3|3|1,0|2|0|0|0,21M36P66735YE
8|7|7|6,4|4|4|4|4,0|0|0|0|0,4|3|3|1|3|4|4|3|2|0,3|0|2|2|3|4|3|3|2|1,4|1|3|2|3|3|4|3|2|1,3|2|3|1|3|4|3|3|3|1,3|3|3|2|3|4|3|4|2|1,1|0|0|0|0,30B94O21162YD
5|5|5|7,4|4|4|4|4,0|0|0|0|0,3|3|3|2|2|2|2|3|2|1,3|3|3|2|3|3|3|3|2|1,3|3|1|2|3|3|3|3|2|1,3|3|3|2|3|3|3|3|2|1,3|3|3|2|3|3|3|3|1|1,0|0|0|0|0,47C67T94356ZO
10|9|8|10,4|3|3|3|3,0|0|0|0|0,3|3|3|3|3|3|3|3|3|1,3|3|3|3|3|3|3|3|3|1,3|3|3|3|3|3|3|3|3|1,3|3|3|3|3|3|3|3|3|1,3|3|3|3|3|3|3|3|3|1,1|4|0|0|0,34Y42T83555AU
3|1|7|4,4|4|4|4|4,0|0|0|0|0,3|3|3|0|2|3|1|3|1|0,2|3|3|0|1|2|1|3|1|0,3|1|3|0|2|1|3|3|0|0,4|3|3|0|3|2|3|3|0|0,1|1|3|0|0|2|1|3|0|0,2|0|1|1|1,72A51R43041DI
,4,0,3|3|1|1|2|3|4|3|2|0,,,,,1,68M68C95821NA
4|7|2|8,4|4|4|4|4,0|0|0|0|0,4|2|2|3|3|3|4|4|1|0,3|1|4|2|4|4|4|4|2|0,4|3|3|2|3|4|4|4|1|1,4|3|2|1|2|3|3|3|1|1,3|3|3|2|3|4|3|3|1|1,2|3|0|1|1,30R30A42146HM
8|7|9|8,4|4|4|4|4,0|0|0|0|0,4|4|4|1|3|3|4|4|3|0,4|4|4|0|3|3|4|4|4|0,4|4|4|1|3|3|3|4|3|0,4|4|4|1|3|3|4|4|3|0,3|4|4|1|4|4|4|4|3|0,3|4|0|0|0,85O52N86803QR
6|5,4|4|4,0|1|0,4|3|2|1|3|3|4|3|2|0,3|3|3|1|3|3|3|3|1|0,3|3|3|1|3|3|3|3|2|1,,,2|0|1,64P77G53204MH
7|7|6,4|3|4|4,0|1|1|0,3|3|3|2|3|3|3|3|2|1,3|3|3|2|3|3|3|3|2|1,3|3|3|2|3|3|3|3|3|1,3|3|3|2|3|3|3|3|2|1,,2|3|1|1,71O41J19917CD
4|5|5|7,4|4|4|4|4,0|0|0|0|0,3|3|4|3|3|3|4|3|3|1,3|4|3|3|3|3|4|4|3|1,2|3|2|3|3|3|3|3|3|1,3|4|3|4|4|3|4|4|4|1,4|3|3|4|3|3|4|3|3|1,4|0|1|0|1,41Y63H72259KS
7|0|10|10,4|4|4|4|4,0|0|0|0|0,4|4|3|0|4|4|4|4|1|0,3|4|1|0|3|2|4|4|2|0,4|4|4|0|3|2|4|4|3|0,4|4|4|0|4|4|4|4|3|0,4|4|3|0|3|2|4|4|3|0,3|3|3|4|3,67J61Z33454PR
6|0,4|4|4,0|0|0,3|3|3|1|4|4|4|4|2|0,2|4|4|2|3|3|3|3|1|1,3|3|4|1|2|3|3|3|0|1,,,0|4|0,43I66O42689VS
7|3,4|4|4,0|0|0,4|4|4|1|4|4|3|4|3|1,4|4|4|2|4|3|4|4|3|1,4|4|3|1|4|3|4|4|4|1,,,1|1|0,50R45O46188YI
6|6|4|2,4|4|4|4|4,0|0|0|0|0,3|3|3|2|3|3|3|3|2|0,2|2|2|1|3|3|3|3|1|1,3|3|3|3|3|3|3|3|1|1,3|3|3|2|3|3|3|3|1|1,3|3|3|2|3|3|3|3|2|1,2|0|1|1|1,64M43G38005WS
3,4|4,0|0,3|3|2|1|3|4|3|3|1|0,3|4|2|3|1|4|2|3|1|1,,,,1|1,13K86N88251KN
1|10|2|8,4|4|4|4|4,0|0|0|0|0,2|1|1|2|1|1|1|1|4|1,3|3|3|2|3|3|3|3|3|1,3|3|2|1|1|2|0|2|3|1,3|3|3|2|3|3|3|3|3|1,1|2|2|1|0|0|0|2|2|1,4|2|1|1|1,94C69T18419WV
4|3|1|4,4|4|4|4|4,0|0|0|0|0,1|3|3|1|1|3|3|3|2|1,3|3|3|1|3|3|3|2|1|1,2|1|3|1|1|1|1|1|2|1,4|3|3|1|3|3|3|3|2|1,4|3|3|1|3|3|4|4|2|1,2|1|0|0|0,58B39N72384DH
,4,0,4|4|4|3|3|3|3|4|3|0,,,,,2,26H81M87726ZL
,4,0,4|3|3|1|3|3|4|3|2|2,,,,,4,99O61T62228LZ
,4,0,3|4|3|4|3|4|3|3|3|0,,,,,2,22R35E90974OX
7|5|5|6,3|4|3|4|3,4|1|0|0|0,3|3|3|2|3|3|3|3|1|1,3|3|3|2|3|3|3|3|1|1,3|3|2|3|3|3|3|3|1|0,3|3|2|3|3|3|3|3|2|0,3|3|2|3|3|3|3|3|2|0,4|3|1|1|1,52J33T21277GU
,4,0,3|3|2|2|2|2|3|4|3|1,,,,,4,65I17K27867ZG
,4,0,3|4|3|2|3|3|4|4|1|1,,,,,3,27C89B65840BK
8|5|5|0,4|4|4|4|4,0|0|0|0|0,4|4|4|3|3|3|3|4|3|1,3|3|3|1|3|3|3|3|2|1,3|2|3|1|2|2|3|3|2|1,3|3|2|1|3|2|3|3|2|1,3|3|3|1|2|3|3|3|2|1,1|2|3|3|3,88J80I19658DS
,4,0,3|4|3|0|3|3|4|4|3|1,,,,,0,46K33X96974LT
7|7|2|0,0|0|4|4|4,0|0|0|0|0,4|3|3|1|3|2|3|4|2|1,0|3|2|0|3|3|4|3|2|1,3|3|3|0|2|2|3|3|2|2,3|3|3|0|2|2|1|3|2|1,4|4|3|0|3|3|4|4|2|1,4|0|3|3|3,97M81P56522EG
5|1|0,4|3|3|3,0|0|0|0,3|3|1|1|2|3|3|3|1|0,3|3|2|1|3|3|3|3|2|0,3|3|2|1|3|1|3|3|1|0,3|3|1|1|3|1|3|3|1|0,,2|4|1|1,22G51M86533NG
5|6|6|5,3|3|4|4|4,1|0|0|0|0,3|3|3|2|2|2|3|3|3|1,4|3|2|2|3|3|3|3|3|1,4|3|4|2|3|3|3|3|3|1,3|3|3|2|3|3|3|3|3|1,3|3|3|2|3|3|3|3|3|1,4|2|3|3|3,64I89S88100IL
7,4|4,0|0,3|3|3|2|3|3|3|3|3|1,3|3|3|3|3|3|3|3|4|1,,,,3|1,63J31H46101QU
7|7|8|5,4|4|4|4|4,0|0|0|0|0,3|4|3|2|3|2|3|4|1|1,3|4|2|1|3|2|3|4|1|1,3|4|3|1|3|2|3|4|1|1,3|4|3|2|2|2|3|4|1|1,2|3|3|1|2|1|2|4|1|1,2|0|0|0|0,33G43A65453PX
8,4|4,1|1,3|3|3|2|3|3|3|3|3|1,4|3|3|2|3|4|3|3|3|1,,,,1|2,53E20X63903XS
0|8|3,4|4|4|1,0|0|0|0,3|2|3|1|3|2|2|3|2|1,2|3|3|1|3|3|3|3|2|1,3|3|3|2|3|2|3|3|3|1,3|3|4|1|3|4|3|4|1|1,,2|4|3|3,54P93J70296LZ
8|10|10,4|4|4|4,0|0|0|0,4|3|3|2|4|4|4|4|3|1,4|4|4|3|4|4|4|4|3|1,4|4|4|3|4|4|4|4|3|2,4|4|4|3|4|4|4|4|4|2,,2|4|0|0,30T76U91272JT
,4,0,3|4|3|2|3|3|3|4|3|1,,,,,3,57P69Z52909OW
5|3|1|0,4|4|4|4|3,0|0|0|0|0,4|1|1|2|3|3|3|2|1|0,3|1|1|1|3|3|3|2|1|1,2|0|0|0|0|0|0|0|1|0,3|2|1|0|1|1|0|0|1|0,3|0|0|0|0|1|1|0|0|0,2|2|0|0|0,44I23N90881JT
2|5|1|2,4|4|4|4|4,0|0|3|0|0,3|3|3|2|3|3|3|3|2|1,4|4|3|2|4|4|4|4|2|1,2|3|3|3|2|2|3|2|0|1,3|3|2|2|2|2|3|3|1|1,3|3|2|2|2|2|3|3|2|1,2|4|0|0|0,45Z11W40917SR
4|6|0|4,4|4|4|4|4,0|0|0|0|0,3|4|3|3|3|3|4|3|1|1,3|4|3|3|3|1|3|4|0|0,3|4|3|3|3|2|4|3|1|1,4|4|3|3|3|2|3|4|1|1,3|4|3|3|3|3|4|3|1|1,1|4|0|0|0,27G83H85443MX
6|7|5|7,4|4|4|4|4,0|0|0|0|0,3|3|3|4|3|2|4|4|3|1,3|3|2|4|3|3|3|4|3|2,3|3|2|4|3|2|4|4|2|2,3|3|3|4|3|2|3|3|3|1,3|2|3|3|3|2|4|4|3|1,1|2|1|1|1,37S96H17677OF
5|6|5|7,4|4|4|4|4,0|0|0|2|0,2|2|1|1|3|2|2|4|2|1,3|1|4|1|1|1|2|3|2|1,3|4|3|2|3|2|3|3|2|1,2|3|3|2|3|3|2|4|2|1,3|3|3|3|2|3|3|2|2|1,3|0|3|3|1,94C29S54433WZ
4|1|2,4|4|4|4,0|0|0|0,3|4|1|1|3|4|3|3|3|1,4|4|4|4|4|2|4|4|4|1,4|4|4|1|3|2|3|4|3|1,3|3|2|1|3|3|3|3|4|1,,3|2|4|1,53W30P93639VN
4|0|0|0,4|4|4|4|4,0|0|0|0|0,3|4|3|2|3|4|3|4|3|1,3|4|3|2|4|4|3|3|3|1,2|3|3|3|1|4|3|3|3|1,4|3|2|3|4|4|3|3|4|1,3|1|3|3|3|3|3|3|4|1,4|3|0|4|0,84Z50D85503UM
2,4|4,0|0,2|3|3|1|2|1|2|3|4|1,4|3|4|4|3|4|4|4|2|1,,,,0|4,65H90N53087MQ
,0,0,4|3|3|3|3|3|4|4|3|0,3,,,,4,80Q36S86443WR
5|5|3|4,4|4|4|4|4,0|0|0|0|0,3|3|3|2|3|3|3|4|3|1,3|3|3|2|3|2|3|4|2|1,3|3|2|2|3|3|3|3|3|1,3|3|3|2|3|3|3|3|3|1,3|3|2|2|3|3|3|3|3|1,2|2|1|1|1,82W19R51877QN
,4,0,3|3|4|1|3|4|4|3|3|0,,,,,2,35Z46Q73603JH
4|5|4|6,4|4|4|3|4,0|0|0|0|0,4|3|3|3|4|4|4|4|2|1,3|3|1|1|3|3|3|2|2|1,3|3|3|2|3|3|3|3|2|2,2|2|1|3|2|3|3|2|2|2,3|2|3|3|3|4|4|4|4|2,3|3|3|1|4,47R35G25781MR
4|2|4|2,4|4|4|4|4,0|0|0|0|0,3|3|2|1|3|3|3|3|2|2,3|1|1|0|2|3|3|2|2|1,3|2|1|1|2|2|3|3|3|1,2|1|1|1|2|3|3|3|3|2,3|2|1|1|3|2|3|3|3|1,4|3|1|1|1,41X11A10834BX
6|4|4|7,4|4|4|4|4,0|0|0|0|0,3|4|2|2|3|4|3|4|1|0,3|4|2|1|4|3|4|4|1|1,3|3|1|1|3|3|3|3|1|1,3|4|3|2|3|3|3|4|1|1,3|3|1|1|3|3|3|3|1|1,2|2|0|0|0,85O98Q90332WN
6|6|0,4|4|3|4,0|0|0|0,3|3|1|3|4|3|4|3|3|1,4|1|3|4|3|3|4|4|3|1,3|1|4|1|4|3|4|4|3|1,4|4|4|4|4|4|4|4|3|1,,1|2|1|0,68H11G72500UV
7|6|6|3,4|3|4|4|4,1|0|0|0|0,3|3|3|4|3|3|4|4|2|4,3|3|2|1|2|2|3|3|2|1,4|4|4|4|4|3|4|4|3|4,3|3|2|1|3|3|3|3|2|1,3|3|2|1|2|3|3|3|2|1,4|0|0|3|3,58Q68S28085RO
1,4|4,0|0,1|3|3|0|2|2|2|3|2|1,2|3|3|2|3|2|3|3|2|1,,,,4|1,50E59T57305BE
,4,0,2|4|2|3|3|2|3|4|2|0,,,,,0,46L37S76571VK
6|3|0|1,4|4|4|4|4,0|0|0|0|0,2|3|3|1|1|2|2|2|2|1,3|3|3|1|2|2|2|3|1|1,3|2|2|1|2|3|2|3|1|1,2|2|3|1|1|2|2|3|2|1,2|3|3|0|2|1|3|3|2|1,0|1|0|0|0,60W54B56367MG
4|2|7|3,4|4|4|4|4,0|0|0|0|0,3|3|3|2|2|3|3|3|2|0,3|3|3|1|3|2|3|3|2|0,3|3|2|1|3|2|3|3|1|0,3|3|3|1|3|3|3|3|1|1,3|1|3|1|1|3|3|2|1|0,0|2|1|1|1,76S41O49493PI
10|8|8|8,4|4|4|3|4,0|0|0|0|0,4|3|3|3|4|4|3|3|2|0,2|3|3|3|3|3|2|3|2|0,4|4|3|3|3|3|3|3|3|0,3|4|3|2|3|2|3|3|4|1,4|4|3|3|4|4|2|4|2|1,1|1|0|0|0,81E16M84001PH
7,4|4,0|0,3|4|3|2|3|3|3|4|2|2,3|3|3|2|3|3|3|2|2|2,,,,0|2,54M92U42430PR
8|6|5|6,4|4|4|4|4,0|0|0|0|0,3|4|4|4|3|3|3|4|3|0,3|2|3|3|4|3|3|4|3|1,4|3|3|3|4|4|4|3|3|1,3|4|4|3|3|4|3|4|3|1,4|3|3|4|4|4|4|4|3|1,1|3|4|4|0,35G23Z43605UC
9|8|8|9,4|4|4|4|4,0|0|0|0|0,4|4|3|4|4|3|4|4|3|2,4|4|4|3|4|3|4|4|3|2,4|4|4|4|4|3|4|4|4|2,4|4|3|4|4|4|3|4|3|2,4|4|4|4|4|4|4|4|4|2,0|1|4|4|4,49N29C77573FR
4,4|4,0|0,3|3|3|1|2|2|2|3|0|0,3|3|3|3|2|2|3|3|0|0,,,,2|1,99Q78G91518JW
7|0|1|0,4|4|4|4|4,0|0|0|0|0,3|3|2|3|2|1|3|4|1|0,1|3|3|3|2|2|3|3|1|0,3|3|2|3|2|1|3|3|1|0,3|3|1|3|2|1|3|2|1|0,3|1|2|3|2|1|3|3|1|0,1|1|1|1|1,11Y70E40954EW
5|6|8|6,4|4|4|4|4,0|0|0|0|0,3|3|1|3|3|2|3|3|2|1,3|3|3|4|3|2|3|3|2|1,3|3|3|3|3|3|4|4|2|1,4|4|3|4|3|3|3|3|2|1,3|4|3|4|3|3|3|3|2|1,2|3|1|1|1,64D28G67498DK
6|7|6|7,4|4|4|4|4,0|0|0|0|0,4|3|3|2|3|3|3|3|1|1,3|3|3|2|3|3|4|3|3|1,3|3|3|1|3|3|3|3|2|1,4|3|3|1|3|3|3|3|3|1,3|3|3|1|3|3|4|3|3|2,0|2|1|4|1,13G94S49001YE
0,3|4,0|0,3|3|2|2|2|2|3|3|2|0,4|2|3|2|2|3|3|2|3|0,,,,3|2,11V43Z34852DJ
6|4|0|6,4|4|4|4|4,0|0|0|0|0,3|4|3|3|3|4|3|3|1|2,3|4|3|1|2|3|3|3|1|2,3|4|3|1|1|3|3|3|1|2,3|4|3|3|3|3|3|3|2|2,3|3|3|2|2|1|1|3|1|2,0|1|1|1|1,72F57L33110XY
7|8|9|0,4|4|4|4|4,0|0|0|0|0,3|3|3|2|4|3|3|3|2|1,4|4|4|2|4|3|3|3|1|1,4|4|4|2|4|4|4|4|2|1,4|4|4|2|4|3|4|4|1|1,4|4|3|2|3|3|2|3|3|1,2|1|0|0|1,31Z41J54929TM
0|0|2|3,4|4|4|4|4,0|0|0|0|0,3|3|2|1|3|3|4|3|3|1,3|1|1|0|3|1|3|2|3|1,2|4|2|0|1|3|3|3|4|1,3|3|1|0|2|4|3|3|3|1,2|3|1|1|1|2|2|3|3|1,2|3|1|1|1,38A24E10965PY
6|6|7|5,4|4|4|4|4,0|0|0|0|0,4|3|1|2|3|4|4|4|1|1,3|4|1|2|3|3|4|4|1|1,3|3|2|1|3|3|4|4|1|2,2|3|1|1|2|3|3|3|1|2,4|4|1|2|4|3|4|4|1|2,0|0|1|1|1,92H69M11238OJ
6|9|8|0,4|4|4|4|4,0|0|0|0|0,3|1|3|2|3|4|4|4|4|0,4|2|3|2|3|4|4|4|3|1,3|2|3|2|3|3|3|3|3|1,3|3|2|2|3|3|2|3|3|1,3|2|3|3|3|4|3|3|3|1,0|2|3|3|1,58B53R43675KH
8|5|8|3,4|3|3|3|3,0|1|1|1|0,3|3|3|2|2|2|3|3|1|0,3|2|3|2|3|3|3|3|1|2,4|3|2|2|4|3|4|4|1|2,3|3|2|2|3|2|2|3|1|2,3|4|2|1|4|4|4|3|1|2,1|3|0|0|0,39F29O42460MJ
3,4|4,0|0,3|3|1|1|2|2|3|2|2|1,3|3|2|1|4|3|3|3|3|1,,,,1|2,28F33E24450RP
7|5|6|5,4|4|4|4|4,0|0|0|0|0,3|4|3|2|3|2|4|3|3|1,3|4|4|3|3|2|4|4|3|1,4|3|4|2|3|2|3|4|4|1,4|4|4|2|3|3|3|4|4|1,2|4|4|2|3|2|4|4|3|1,4|2|0|0|0,55Z14P43114VI
8|8|9|8,4|4|4|4|4,0|0|0|0|0,3|4|3|2|4|3|4|4|2|1,3|4|4|2|4|4|4|4|2|1,3|4|4|3|4|4|4|4|2|1,2|4|4|3|3|3|3|4|2|1,3|4|3|3|3|3|3|4|2|1,0|0|0|4|4,82T33A84744RR
7|4|5|7,4|4|4|4|4,0|0|0|0|0,3|3|2|2|3|3|4|4|2|1,3|3|2|1|3|2|3|3|3|1,4|3|3|2|4|3|4|4|3|1,4|2|3|2|4|3|4|4|3|1,4|3|2|2|4|3|4|4|3|1,2|0|0|0|0,85S85I44068MZ
5|5|5|4,4|4|4|4|4,0|0|0|0|0,3|3|1|3|3|1|3|4|2|1,3|3|2|3|1|3|3|3|1|1,4|4|4|3|3|3|4|4|1|1,3|3|1|3|2|3|3|3|2|1,3|3|3|3|3|3|4|3|2|1,3|2|4|1|1,19R71R25906WG
7|6|7|7,4|3|4|0|4,0|0|0|0|0,1|3|3|2|3|3|4|4|3|0,3|1|2|3|3|1|3|3|2|0,4|3|3|2|3|2|3|3|3|1,3|2|3|3|3|3|4|4|2|1,3|4|3|2|3|3|3|4|4|1,2|0|4|1|0,10X51I95503VJ
5|1|3,4|4|4|4,0|0|0|0,3|3|3|2|3|3|3|4|3|1,1|1|1|1|1|1|1|1|2|1,3|3|3|1|3|3|3|3|3|1,3|3|3|3|3|3|3|3|3|1,,4|3|1|1,12D22M80357JZ
3,4|4,0|0,3|1|3|1|4|4|4|3|2|1,3|1|3|1|3|4|4|3|2|1,,,,1|2,66I36Q21569WR
4|0|3|5,4|4|4|4|4,0|0|0|0|0,3|3|3|1|2|3|3|3|3|0,3|3|3|3|3|2|3|3|2|0,3|3|3|3|3|3|3|4|1|0,3|3|3|3|3|3|3|3|1|0,3|3|3|2|3|3|3|3|1|0,3|4|0|1|1,82F50Z89356HG
6|5|3|0,4|4|4|4|4,0|0|1|0|0,3|3|3|1|3|3|3|2|2|0,3|1|3|1|3|3|3|2|2|0,3|2|3|1|2|2|3|3|2|0,4|1|3|1|2|1|3|2|2|0,4|3|2|0|1|2|4|3|3|0,2|0|1|4|0,17O41I98788PD
7|7|8|8,4|4|4|4|4,0|0|0|0|0,4|3|3|3|3|3|3|3|3|1,3|3|3|3|3|3|3|3|3|1,3|3|3|2|3|3|3|3|3|1,3|3|3|2|3|3|3|3|3|1,3|3|3|3|3|3|3|3|3|1,1|1|1|1|1,91E27P56684MF
3|2|5,4|4|4|4,0|0|0|0,4|4|4|4|2|3|3|3|2|2,3|4|1|2|3|3|3|4|1|1,3|2|2|1|3|3|3|2|1|1,3|3|3|2|3|3|3|3|2|1,,2|2|1|1,79W63Z79153AT
4,4|0,0|4,3|3|1|2|3|3|3|3|2|1,4|2|3|1|2|2|4|4|2|1,,,,0|0,68W43A67706GL
1|3|0|4,4|4|4|4|4,0|0|0|0|0,2|2|0|1|1|1|1|3|1|0,3|0|0|0|3|2|3|3|3|0,3|4|3|1|1|1|1|4|3|0,1|3|1|1|1|1|2|3|2|0,4|3|2|1|3|3|4|3|2|1,0|2|0|1|0,95Q18Q55376DV
8|8|7|6,4|4|4|4|4,0|0|0|0|0,4|4|3|3|4|4|4|4|3|1,4|4|3|4|4|4|4|4|3|1,4|4|3|3|4|3|4|4|3|2,4|4|3|3|4|4|4|4|3|2,3|3|2|3|3|3|3|3|3|1,2|2|0|0|0,75U49A44673GK
5|7|5|6,4|4|3|4|4,0|0|0|0|0,3|3|2|2|3|3|3|3|3|0,4|3|3|2|3|3|3|4|2|1,3|3|3|3|4|3|3|4|3|1,2|3|2|3|3|3|3|3|2|1,4|4|3|4|3|3|4|4|3|1,2|4|0|1|4,86M16N58673DN
1|1|3,3|3|4|4,0|1|0|1,3|3|1|1|3|3|3|2|1|0,4|3|1|1|3|3|3|3|1|0,3|3|1|1|2|3|3|2|1|0,3|3|3|1|1|2|3|1|1|0,,0|1|0|0,29Z24H53823OO
7|6|6|6,4|4|3|4|2,0|0|0|0|0,4|3|2|3|3|3|3|4|3|1,3|3|3|3|3|2|3|3|2|1,3|3|3|3|3|2|2|4|3|1,3|4|3|4|3|3|3|4|3|1,3|3|3|3|3|3|3|3|3|1,0|4|4|4|1,48O34J20278FQ
2|2|5|0,4|4|4|4|4,0|0|0|0|0,4|1|2|1|3|4|4|2|1|0,4|1|2|0|3|4|4|3|1|0,4|0|1|0|3|4|4|3|1|0,4|1|2|0|3|4|4|2|0|0,4|1|1|0|2|3|3|2|0|0,4|1|0|0|0,41S21N30028FI
7|6|7|7,4|3|4|3|4,0|0|0|0|0,4|4|4|1|3|3|3|3|3|0,3|3|3|3|3|3|3|3|2|0,3|3|3|2|3|3|4|4|2|0,3|3|3|2|4|3|3|3|2|0,3|3|3|3|3|3|3|3|2|0,3|4|1|1|1,16L28Y79565MD
6|3|8|7,4|4|4|4|4,0|0|0|0|0,3|3|3|3|3|3|3|3|2|0,3|2|2|1|3|2|3|3|2|0,3|2|2|3|3|2|3|3|2|0,2|1|1|2|3|2|3|2|3|0,3|2|2|3|2|2|2|3|2|2,4|2|0|0|0,40Y24L79722KH
8|9|8|9,4|4|4|4|4,0|0|0|0|0,4|4|4|3|4|4|4|4|3|1,4|4|4|3|3|3|3|4|3|1,4|4|3|3|3|4|4|4|3|1,4|4|4|4|4|4|4|4|3|2,4|4|4|4|4|4|4|4|4|2,0|2|4|4|4,17R14A70648FA
3|0|1|4,4|4|4|4|4,0|0|0|0|0,2|3|3|3|3|1|2|3|3|0,1|1|3|2|0|1|1|3|3|0,3|3|3|1|2|3|3|3|3|0,4|2|1|3|3|1|4|3|3|0,3|3|3|3|4|2|3|4|3|2,1|2|0|0|0,12K56R33408IK
3,4|4,2|0,3|3|1|1|3|3|3|3|2|1,3|2|1|1|1|3|2|3|3|1,,,,0|1,45R80P21683OJ
6|5,4|4|4,0|0|0,3|4|3|3|3|2|3|3|1|1,4|3|3|3|2|3|3|2|2|1,4|3|2|3|1|3|4|2|3|1,,,0|3,63V51P83389ZF
7|3|7|4,4|4|4|4|4,0|0|0|0|0,4|4|3|3|4|3|4|4|4|2,4|4|4|4|4|3|4|4|2|1,3|3|2|3|4|3|3|4|2|1,4|4|3|3|3|4|4|4|2|2,4|3|3|2|3|4|3|3|2|2,2|4|0|4|3,73V37C72516EV
5|5|2|4,4|4|4|4|4,0|0|0|0|0,3|3|2|1|2|2|4|2|1|0,3|3|2|1|3|1|4|4|1|0,3|3|1|1|2|3|3|3|1|0,4|3|3|2|2|2|3|3|1|0,3|3|2|2|2|3|3|3|1|0,1|1|3|3|3,12G95W21197WJ
,4,0,3|2|2|2|2|2|2|3|4|1,,,,,3,36X67G38890QG
,3,0,3|3|3|2|3|3|4|3|3|0,,,,,0,55I37F52845RR
9,4|4,0|0,3|3|3|3|3|3|3|3|2|1,3|1|3|1|3|3|3|3|3|1,,,,1|3,28Y99A65699LF
,4,0,3|4|3|2|3|2|3|3|3|1,,,,,0,48H40W30476VJ
10|9,4|4|4,0|0|0,3|3|3|2|3|3|3|4|2|1,3|3|2|1|2|2|2|3|2|1,1|3|3|0|1|2|2|4|1|1,,,3|4|0,33Y94Z48241YK
4|0|3,4|4|4|4,0|0|0|0,3|2|3|2|2|2|3|3|1|0,3|3|3|2|2|2|3|3|2|0,2|3|1|1|3|3|3|3|1|0,2|3|2|1|2|2|3|3|1|0,,0|1|0|0,93M37H88237KJ
3|0|1|0,4|4|4|4|4,0|0|0|0|0,3|3|2|0|2|3|3|3|0|0,1|3|1|0|0|1|1|3|0|0,3|3|2|0|3|3|3|3|0|0,2|3|2|0|1|1|3|3|0|0,2|3|2|0|1|1|1|3|0|0,1|2|3|3|3,38H57Q96158JK
7|8|7|5,4|4|4|4|4,0|0|0|0|0,3|3|3|2|4|4|4|4|2|1,3|3|3|2|3|3|3|3|3|1,3|3|3|2|3|3|3|3|2|1,3|3|3|1|3|3|3|3|2|1,3|3|3|2|3|3|3|3|2|1,3|4|3|3|3,17E69T57249RA
8,4|4,0|0,3|3|3|3|3|3|4|4|2|2,3|3|3|3|3|3|4|4|2|2,,,,0|2,35Y11T49184ZG
,4,3,0|4|2|2|0|0|3|2|2|0,,,,,2,80A29E84455WO
5|3|5|7,4|4|4|4|4,0|0|0|0|0,3|3|3|2|4|1|3|3|3|1,3|4|4|3|3|3|4|4|3|1,3|3|3|3|4|3|4|4|1|1,4|3|3|3|3|4|4|4|4|2,4|4|4|4|4|4|4|4|3|1,1|3|1|0|0,56P18E99563US
9,4|4,0|0,3|3|2|3|4|3|4|4|3|1,4|3|2|3|4|4|4|4|3|1,,,,4|3,47C87U11176JY
8|6|7,4|4|4|4,0|0|0|0,4|3|3|2|3|3|3|3|3|1,3|3|3|3|3|3|3|3|3|1,3|3|3|2|3|3|3|3|3|1,3|3|3|3|3|3|2|3|3|2,,3|2|0|0,63H74P11072NG
7|6|0|4,3|3|4|3|3,1|1|1|1|1,3|3|3|1|3|3|3|3|3|1,3|3|3|1|3|3|4|4|1|1,3|3|3|3|3|3|3|3|2|1,3|3|3|2|3|3|3|3|3|1,3|3|3|3|3|3|4|3|2|1,1|3|1|3|1,60R78C85601AS
3|4|5,4|3|4|4,0|0|0|0,3|3|3|2|3|3|3|3|2|0,3|2|3|2|3|2|3|3|3|0,3|3|3|2|2|3|3|1|2|0,3|1|3|1|2|2|3|2|2|0,,2|2|3|3,28M24W22002YB
2|0|4|1,4|4|4|4|4,0|0|0|0|0,4|4|4|0|3|3|3|4|0|1,3|4|1|0|3|3|2|4|1|0,4|4|0|0|4|4|4|4|2|1,4|4|4|0|4|4|4|4|3|1,3|4|2|0|4|1|3|4|1|1,1|4|0|0|0,27C47S70705AE
0|0,3|4|4,0|0|0,3|3|3|1|2|1|2|3|1|0,2|3|3|1|1|1|3|3|0|0,3|3|3|1|1|1|3|3|1|0,,,0|2,75Q38I45060OL
7|4|8|5,4|4|4|4|4,0|0|0|0|0,4|4|3|3|4|4|4|3|2|1,4|4|4|1|4|4|4|4|2|2,3|3|3|2|3|4|4|4|2|1,4|4|4|2|4|4|4|4|2|1,4|3|3|2|4|4|4|4|2|1,4|1|3|4|4,40J29G21848HB
3|2|2|4,3|4|3|3|3,1|1|1|1|1,3|2|1|0|2|1|3|3|1|1,2|3|2|1|1|0|3|2|1|0,3|3|3|1|2|1|3|3|1|0,3|3|3|1|1|2|2|3|1|0,3|2|2|0|1|1|3|3|1|0,2|3|3|3|3,99S56F71330CK
,4,1,3|3|2|1|3|3|3|3|3|1,,,,,3,37R58S74149PY
7|8|8,4|4|4|4,0|0|0|0,3|3|3|2|3|3|3|3|3|2,4|4|4|4|4|4|4|4|4|2,4|4|4|4|4|4|4|4|4|2,4|4|4|4|4|4|4|4|4|2,,0|4|0|0,59Y23E15301SF
6|8|4|0,4|4|4|4|4,0|0|0|0|0,4|4|3|3|3|3|4|3|3|1,4|4|3|3|3|4|4|4|3|1,3|3|3|1|3|3|2|3|3|1,4|4|3|0|1|1|4|3|3|1,3|3|1|0|2|1|1|3|3|1,4|1|1|0|1,51V86Q97631JQ
3|7,4|3|4,4|0|0,3|3|2|2|3|3|3|3|4|0,3|3|1|3|2|3|3|2|2|1,3|3|2|2|3|3|3|2|1|0,,,0|3|3,11R53R69056WP
,4,0,3|2|3|3|2|3|2|3|2|1,,,,,0,74S20W58257OM
0|0|0|0,4|4|4|4|4,0|0|0|0|0,3|3|3|3|1|1|3|3|1|0,2|3|2|1|1|1|1|2|1|0,3|3|3|2|3|2|3|3|0|1,3|3|3|2|1|1|3|3|1|1,2|3|2|2|1|1|3|3|1|0,1|4|1|1|1,23U34J45837WX
5|4|5|5,4|4|4|4|4,0|0|0|0|0,4|4|3|2|4|4|4|4|3|1,3|3|3|2|4|3|3|4|3|1,3|3|3|2|4|3|3|4|3|1,3|4|3|2|4|3|4|4|3|1,3|4|4|2|3|3|4|4|3|1,4|0|0|0|0,14T14I79235FK
7|6|7|7,4|4|4|4|4,0|0|0|0|0,3|3|2|2|3|3|2|3|2|0,3|3|2|1|3|2|3|3|3|0,3|3|2|2|3|3|3|3|2|0,3|3|3|2|3|3|3|3|2|0,3|3|2|2|3|3|3|3|2|0,4|0|4|4|4,78Z76V21825BX
3|6|7|7,4|4|4|4|4,0|0|0|0|0,3|4|2|3|2|3|3|4|3|1,1|4|3|2|3|3|3|4|2|1,3|4|3|2|4|3|3|4|3|1,4|4|3|2|4|4|4|4|2|1,4|4|3|3|4|4|4|4|3|1,1|0|0|1|1,22T51I96870XF
7|7|10|8,4|4|4|4|4,0|0|0|0|0,4|3|3|1|3|4|4|4|2|0,4|2|4|3|3|3|4|2|3|0,4|3|3|3|3|4|4|3|2|0,4|3|4|3|4|4|4|3|2|0,4|3|3|3|4|4|4|4|2|1,3|0|0|0|0,52N75I13854RH
6|7|7|8,4|4|4|4|4,0|0|0|0|0,4|3|3|2|3|4|4|4|3|1,3|3|3|3|3|3|3|3|3|1,4|3|3|3|4|3|4|4|3|2,4|3|3|3|4|4|4|4|3|1,4|3|4|3|4|4|4|4|3|1,2|0|1|1|1,70G88S44865QN
4,4|4,0|0,3|3|3|3|2|1|3|3|2|0,3|3|3|3|4|1|4|4|1|1,,,,0|3,54N97Q11244ME
4,3|4,0|0,3|3|3|2|3|3|3|3|2|2,3|3|2|1|2|3|3|2|2|2,,,,1|3,97I93V22999ZT
7|8|0|9,4|4|4|4|4,0|0|0|0|0,4|4|3|3|3|0|4|3|2|2,4|4|3|3|3|0|4|4|2|2,4|3|3|3|3|1|4|3|1|2,3|3|2|2|3|1|3|3|2|2,3|3|3|2|3|1|3|3|2|2,1|2|1|3|3,55T28P25396WS
6|2|2|5,4|4|4|4|4,0|0|0|0|0,3|2|1|0|3|2|3|3|3|0,3|3|1|2|3|3|3|3|2|1,3|2|1|1|2|2|3|3|2|1,3|3|1|2|2|2|3|3|2|1,3|3|2|3|3|3|3|3|2|1,0|2|0|0|0,77R93E73198FI
3|4|3|4,4|4|4|4|4,0|0|0|0|0,4|3|4|3|2|3|4|3|3|1,4|4|4|2|3|1|4|4|3|1,4|2|4|2|2|2|4|4|3|1,4|4|4|1|2|2|4|4|3|1,4|4|4|2|3|4|4|4|3|1,2|2|0|0|0,36R92H47287NB
6|10,4|4|4,0|0|0,3|3|3|1|3|3|3|3|3|0,3|3|3|2|3|3|4|3|3|0,4|4|4|1|4|4|3|3|3|4,,,0|0|4,99A20T19627BH
,4,0,3|3|3|3|3|2|3|3|3|1,,,,,3,26B56I98169BC
8|0|7|7,4|4|4|4|4,0|0|0|0|0,3|4|4|3|4|4|4|3|3|1,4|4|3|3|4|4|4|4|3|2,3|4|4|4|4|4|4|4|3|2,4|4|4|4|4|4|4|4|3|2,4|4|4|3|4|4|4|4|3|2,2|3|0|0|0,11D16Z88965IV
8|7|8|8,4|4|4|4|4,0|0|0|0|0,3|4|3|1|3|2|3|3|3|0,3|3|3|1|3|3|3|3|3|1,3|3|3|1|3|3|3|3|3|1,3|3|3|1|3|2|3|4|3|1,3|3|3|1|3|2|3|3|3|1,4|4|1|0|1,15L58R24399TX
6|3|4|4,4|4|4|4|4,0|0|0|0|0,3|4|3|0|3|4|4|3|3|1,4|2|3|0|3|3|4|3|3|1,4|2|3|0|3|4|4|4|3|1,4|3|4|0|4|4|4|4|3|1,4|4|3|0|4|4|4|4|3|1,1|3|0|0|0,76X15T98978EE
8|8|9|8,4|4|4|4|4,0|0|0|0|0,4|3|3|3|4|3|3|4|4|1,3|3|3|3|4|4|4|4|4|1,4|1|3|3|4|4|4|4|4|1,3|1|3|3|3|3|3|4|4|1,3|1|3|3|4|3|4|4|4|1,2|4|4|0|1,99L22F96553AN
7|2|8|9,4|4|4|4|4,0|0|0|0|0,3|1|2|2|2|3|3|1|2|1,3|4|2|2|3|3|3|4|2|1,3|2|1|2|3|2|3|3|1|1,3|3|2|2|3|3|3|4|1|1,3|3|2|2|3|3|3|3|1|1,4|0|1|0|1,90O29Z59995SN
6|8|5|5,4|4|4|4|4,0|0|0|0|0,3|3|3|4|3|4|3|3|2|1,2|4|3|1|3|1|3|4|3|1,3|3|4|2|1|1|3|3|3|2,3|3|3|2|3|3|3|3|3|2,3|3|3|2|3|3|3|3|3|2,1|0|3|3|3,70O56X52119OX
5,4|4,0|0,3|2|3|3|3|2|3|3|3|0,3|3|3|3|3|2|2|4|3|0,,,,2|3,30A11F75177DQ
8|10|6|10,4|4|4|4|3,0|0|0|0|0,4|3|3|3|3|3|4|4|3|0,4|4|4|4|4|4|4|4|3|1,4|4|4|3|3|3|4|3|3|1,4|4|4|3|4|4|4|4|3|1,4|4|4|3|4|4|4|3|3|1,4|1|1|0|4,31B98V66605KB
,4,1,3|3|2|1|3|2|3|3|2|0,,,,,3,44L44A74874ZC
8|2|7|8,4|4|4|4|4,0|0|0|0|0,2|4|3|2|3|3|3|3|2|0,3|3|3|2|3|3|3|4|1|1,3|3|4|2|3|2|3|3|2|1,2|3|3|2|3|3|3|3|2|1,3|3|3|2|3|2|3|3|2|1,0|0|1|1|1,11N20D16896EB
,4,0,3|4|3|1|3|3|3|3|2|0,,,,,0,58T87Q39841VA
10|10|9|10,4|4|4|4|4,0|0|0|0|0,3|1|3|3|3|4|3|2|2|1,3|0|2|3|3|3|3|2|2|1,3|1|3|3|4|4|4|3|2|1,3|4|3|3|3|4|3|4|2|1,3|1|3|4|4|3|4|3|3|1,4|4|2|0|2,53F44D31386DE
6|4|6,4|4|4|4,0|0|0|0,4|2|0|0|2|2|2|4|2|0,2|2|2|0|2|2|2|4|2|0,2|2|2|0|2|2|2|2|2|0,2|4|0|0|2|2|2|3|2|0,,1|2|1|1,73G39Y58023GA
,4,0,3|3|3|2|4|3|3|3|2|1,,,,,0,10Z42A90184GU
1|7|10,4|4|4|4,0|0|0|0,4|3|4|2|4|4|4|4|2|0,4|2|1|1|4|4|4|4|3|0,4|3|1|1|4|4|4|4|3|1,4|3|4|1|4|4|4|4|4|1,,1|0|4|4,48Z41C34290UP
7|2|8|0,4|4|4|2|4,0|0|0|0|0,3|3|3|2|3|1|3|4|3|1,3|3|2|2|3|2|2|3|3|1,2|3|1|2|2|2|2|3|4|2,3|3|2|2|2|3|3|3|3|2,3|2|1|2|2|3|3|3|3|2,0|4|0|0|0,38S19H97108RS
8|8|8,4|4|4|4,4|0|0|0,4|4|3|3|3|3|3|4|3|0,4|3|3|3|3|3|4|3|3|0,4|3|4|3|4|3|4|3|3|1,4|4|3|3|4|4|4|3|4|1,,2|1|0|0,98D36U32681QA
7,4|4,0|0,3|4|3|3|3|4|4|4|2|1,3|3|3|3|3|3|3|3|1|1,,,,0|3,99I56W41199BT
7|8|6|8,4|4|4|4|4,0|0|0|0|0,4|3|3|2|4|4|4|3|3|2,4|4|3|3|3|4|4|4|3|2,4|3|3|3|3|4|3|4|3|2,3|4|3|2|3|3|3|3|3|2,3|3|3|3|3|3|4|3|3|2,1|0|4|3|1,66G54W87873NK